,kingdom,phylum,class,order,family,genus
1,Fungi,Basidiomycota,Agaricomycetes,Polyporales,Meruliaceae,Abortiporus
2,Fungi,Basidiomycota,Agaricomycetes,Russulales,Stereaceae,Acanthobasidium
3,Fungi,Basidiomycota,Agaricomycetes,Russulales,Stereaceae,Acanthofungus
4,Fungi,Basidiomycota,Agaricomycetes,Agaricales,Hygrophoraceae,Acantholichen
5,Fungi,Basidiomycota,Agaricomycetes,Russulales,Stereaceae,Acanthophysium
6,Fungi,Basidiomycota,Agaricomycetes,Agaricales,Pterulaceae,Actiniceps
7,Fungi,Basidiomycota,Agaricomycetes,Boletales,Boletaceae,Afroboletus
8,Fungi,Basidiomycota,Agaricomycetes,Cantharellales,Cantharellaceae,Afrocantharellus
9,Fungi,Basidiomycota,Agaricomycetes,Agaricales,Agaricaceae,Agaricus
10,Fungi,Basidiomycota,Agaricomycetes,Agaricales,Agaricaceae,Agaricus
11,Fungi,Basidiomycota,Agaricomycetes,Agaricales,Strophariaceae,Agrocybe
12,Fungi,Basidiomycota,Agaricomycetes,Russulales,Albatrellaceae,Albatrellopsis
13,Fungi,Basidiomycota,Agaricomycetes,Russulales,Albatrellaceae,Albatrellus
14,Fungi,Basidiomycota,Agaricomycetes,Agaricales,Entolomataceae,Alboleptonia
15,Fungi,Basidiomycota,Agaricomycetes,Agaricales,Tricholomataceae,Albomagister
16,Fungi,Basidiomycota,Agaricomycetes,Agaricales,Tricholomataceae,Albomagister
17,Fungi,Basidiomycota,Agaricomycetes,Russulales,Stereaceae,Aleurobotrys
18,Fungi,Basidiomycota,Agaricomycetes,Russulales,Stereaceae,Aleurodiscus
19,Fungi,Basidiomycota,Agaricomycetes,Hymenochaetales,Rickenellaceae,Alloclavaria
20,Fungi,Basidiomycota,Agaricomycetes,Agaricales,Agaricaceae,Allopsalliota
21,Fungi,Basidiomycota,Agaricomycetes,Agaricales,Hymenogastraceae,Alnicola
22,Fungi,Basidiomycota,Agaricomycetes,Boletales,Paxillaceae,Alpova
23,Fungi,Basidiomycota,Agaricomycetes,Agaricales,Amanitaceae,Amanita
24,Fungi,Basidiomycota,Agaricomycetes,Polyporales,Ganodermataceae,Amauroderma
25,Fungi,Basidiomycota,Agaricomycetes,Thelephorales,Thelephoraceae,Amaurodon
26,Fungi,Basidiomycota,Agaricomycetes,Atheliales,Atheliaceae,Amphinema
27,Fungi,Basidiomycota,Agaricomycetes,Agaricales,Hygrophoraceae,Ampulloclitocybe
28,Fungi,Basidiomycota,Agaricomycetes,Amylocorticiales,Amylocorticiaceae,Amylocorticiellum
29,Fungi,Basidiomycota,Agaricomycetes,Amylocorticiales,Amylocorticiaceae,Amylocorticium
30,Fungi,Basidiomycota,Agaricomycetes,Polyporales,Fomitopsidaceae,Amylocystis
31,Fungi,Basidiomycota,Agaricomycetes,Agaricales,Marasmiaceae,Amyloflagellula
32,Fungi,Basidiomycota,Agaricomycetes,Russulales,Amylostereaceae,Amylostereum
33,Fungi,Basidiomycota,Agaricomycetes,Amylocorticiales,Amylocorticiaceae,Amyloxenasma
34,Fungi,Basidiomycota,Agaricomycetes,Hysterangiales,Mesophelliaceae,Andebbia
35,Fungi,Basidiomycota,Agaricomycetes,Agaricales,Marasmiaceae,Tetrapyrgos
36,Fungi,Basidiomycota,Agaricomycetes,Polyporales,Fomitopsidaceae,Anomoloma
37,Fungi,Basidiomycota,Agaricomycetes,Polyporales,Fomitopsidaceae,Anomoporia
38,Fungi,Basidiomycota,Agaricomycetes,Agaricales,Omphalotaceae,Anthracophyllum
39,Fungi,Basidiomycota,Agaricomycetes,Polyporales,Fomitopsidaceae,Antrodia
40,Fungi,Basidiomycota,Agaricomycetes,Polyporales,Phanerochaetaceae,Antrodiella
41,Fungi,Basidiomycota,Agaricomycetes,Agaricales,Pterulaceae,Aphanobasidium
42,Fungi,Basidiomycota,Agaricomycetes,Agaricales,Hygrophoraceae,Aphroditeola
43,Fungi,Basidiomycota,Agaricomycetes,Agaricales,Physalacriaceae,Armillaria
44,Fungi,Basidiomycota,Agaricomycetes,Hysterangiales,Hysterangiaceae,Aroramyces
45,Fungi,Basidiomycota,Agaricomycetes,Agaricales,Hygrophoraceae,Arrhenia
46,Fungi,Basidiomycota,Agaricomycetes,Russulales,Auriscalpiaceae,Artomyces
47,Fungi,Basidiomycota,Agaricomycetes,Phallales,Phallaceae,Aseroe
48,Fungi,Basidiomycota,Agaricomycetes,Agaricales,Tricholomataceae,Aspropaxillus
49,Fungi,Basidiomycota,Agaricomycetes,Hymenochaetales,Hymenochaetaceae,Asterodon
50,Fungi,Basidiomycota,Agaricomycetes,Agaricales,Lyophyllaceae,Asterophora
51,Fungi,Basidiomycota,Agaricomycetes,Russulales,Lachnocladiaceae,Asterostroma
53,Fungi,Basidiomycota,Agaricomycetes,Boletales,Diplocystidiaceae,Astraeus
54,Fungi,Basidiomycota,Agaricomycetes,Agaricales,Inocybaceae,Astrosporina
55,Fungi,Basidiomycota,Agaricomycetes,Atheliales,Atheliaceae,Athelia
56,Fungi,Basidiomycota,Agaricomycetes,Polyporales,Meruliaceae,Atheliachaete
57,Fungi,Basidiomycota,Agaricomycetes,Agaricales,Stephanosporaceae,Athelidium
58,Fungi,Basidiomycota,Agaricomycetes,Atheliales,Atheliaceae,Athelopsis
59,Fungi,Basidiomycota,Agaricomycetes,Agaricales,Marasmiaceae,Atheniella
60,Fungi,Basidiomycota,Agaricomycetes,Agaricales,Tricholomataceae,Atractosporocybe
61,Fungi,Basidiomycota,Agaricomycetes,Polyporales,Meruliaceae,Aurantiopileus
62,Fungi,Basidiomycota,Agaricomycetes,Boletales,Boletaceae,Aureoboletus
63,Fungi,Basidiomycota,Agaricomycetes,Auriculariales,Auriculariaceae,Auricularia
64,Fungi,Basidiomycota,Agaricomycetes,Agaricales,Schizophyllaceae,Auriculariopsis
65,Fungi,Basidiomycota,Agaricomycetes,Polyporales,Fomitopsidaceae,Auriporia
66,Fungi,Basidiomycota,Agaricomycetes,Russulales,Auriscalpiaceae,Auriscalpium
67,Fungi,Basidiomycota,Agaricomycetes,Agaricales,Inocybaceae,Auritella
68,Fungi,Basidiomycota,Agaricomycetes,Corticiales,Corticiaceae,Australovuilleminia
69,Fungi,Basidiomycota,Agaricomycetes,Boletales,Boletaceae,Austroboletus
70,Fungi,Basidiomycota,Agaricomycetes,Hysterangiales,Gallaceaceae,Austrogautieria
71,Fungi,Basidiomycota,Agaricomycetes,Boletales,Serpulaceae,Austropaxillus
72,Fungi,Basidiomycota,Agaricomycetes,Agaricales,Marasmiaceae,Baeospora
73,Fungi,Basidiomycota,Agaricomycetes,Thelephorales,Bankeraceae,Bankera
74,Fungi,Basidiomycota,Agaricomycetes,Agaricales,Agaricaceae,Barcheria
75,Fungi,Basidiomycota,Agaricomycetes,Auriculariales,Exidiaceae,Basidiodendron
76,Fungi,Basidiomycota,Agaricomycetes,Hymenochaetales,Schizoporaceae,Basidioradulum
77,Fungi,Basidiomycota,Agaricomycetes,Agaricales,Tulostomataceae,Battarraea
78,Fungi,Basidiomycota,Agaricomycetes,Gomphales,Clavariadelphaceae,Beenakia
79,Fungi,Basidiomycota,Agaricomycetes,Agaricales,Hygrophoraceae,Bertrandia
81,Fungi,Basidiomycota,Agaricomycetes,Polyporales,Meruliaceae,Bjerkandera
82,Fungi,Basidiomycota,Agaricomycetes,Agaricales,Strophariaceae,Bogbodia
83,Fungi,Basidiomycota,Agaricomycetes,Agaricales,Bolbitiaceae,Bolbitius
84,Fungi,Basidiomycota,Agaricomycetes,Boletales,Boletaceae,Boletellus
85,Fungi,Basidiomycota,Agaricomycetes,Boletales,Boletinellaceae,Boletinellus
86,Fungi,Basidiomycota,Agaricomycetes,Thelephorales,Bankeraceae,Boletopsis
87,Fungi,Basidiomycota,Agaricomycetes,Boletales,Boletaceae,Boletus
88,Fungi,Basidiomycota,Agaricomycetes,Boletales,Tapinellaceae,Bondarcevomyces
89,Fungi,Basidiomycota,Agaricomycetes,Russulales,Bondarzewiaceae,Bondarzewia
90,Fungi,Basidiomycota,Agaricomycetes,Gloeophyllales,Gloeophyllaceae,Boreostereum
91,Fungi,Basidiomycota,Agaricomycetes,Boletales,Boletaceae,Bothia
92,Fungi,Basidiomycota,Agaricomycetes,Cantharellales,Botryobasidiaceae,Botryobasidium
93,Fungi,Basidiomycota,Agaricomycetes,Cantharellales,Botryobasidiaceae,Botryohypochnus
94,Fungi,Basidiomycota,Agaricomycetes,Agaricales,Agaricaceae,Bovista
95,Fungi,Basidiomycota,Agaricomycetes,Agaricales,Marasmiaceae,Brunneocorticium
96,Fungi,Basidiomycota,Agaricomycetes,Boletales,Boletaceae,Buchwaldoboletus
97,Fungi,Basidiomycota,Agaricomycetes,Polyporales,Fomitopsidaceae,Buglossoporus
98,Fungi,Basidiomycota,Agaricomycetes,Polyporales,Meruliaceae,Bulbillomyces
99,Fungi,Basidiomycota,Agaricomycetes,Cantharellales,incertae_sedis,Burgella
100,Fungi,Basidiomycota,Agaricomycetes,Cantharellales,Cantharellaceae,Burgoa
101,Fungi,Basidiomycota,Agaricomycetes,Boletales,Boletaceae,Butyriboletus
102,Fungi,Basidiomycota,Agaricomycetes,Atheliales,Atheliaceae,Byssocorticium
103,Fungi,Basidiomycota,Agaricomycetes,Polyporales,Phanerochaetaceae,Byssomerulius
105,Fungi,Basidiomycota,Agaricomycetes,Agaricales,Marasmiaceae,Calathella
106,Fungi,Basidiomycota,Agaricomycetes,Agaricales,Tricholomataceae,Callistosporium
107,Fungi,Basidiomycota,Agaricomycetes,Boletales,Boletaceae,Caloboletus
109,Fungi,Basidiomycota,Agaricomycetes,Agaricales,Lyophyllaceae,Calocybe
110,Fungi,Basidiomycota,Agaricomycetes,Agaricales,Lyophyllaceae,Calocybella
111,Fungi,Basidiomycota,Agaricomycetes,Boletales,Calostomataceae,Calostoma
112,Fungi,Basidiomycota,Agaricomycetes,Phallales,Phallaceae,Calvarula
113,Fungi,Basidiomycota,Agaricomycetes,Agaricales,Agaricaceae,Calvatia
114,Fungi,Basidiomycota,Agaricomycetes,Agaricales,Marasmiaceae,Calyptella
115,Fungi,Basidiomycota,Agaricomycetes,Agaricales,Tricholomataceae,Camarophyllopsis
116,Fungi,Basidiomycota,Agaricomycetes,Agaricales,Hygrophoraceae,Camarophyllus
117,Fungi,Basidiomycota,Agaricomycetes,Agaricales,Marasmiaceae,Campanella
118,Fungi,Basidiomycota,Agaricomycetes,Polyporales,Phanerochaetaceae,Candelabrochaete
119,Fungi,Basidiomycota,Agaricomycetes,Agaricales,Tricholomataceae,Cantharellopsis
120,Fungi,Basidiomycota,Agaricomycetes,Agaricales,Tricholomataceae,Cantharellula
121,Fungi,Basidiomycota,Agaricomycetes,Cantharellales,Cantharellaceae,Cantharellus
122,Fungi,Basidiomycota,Agaricomycetes,Agaricales,Hygrophoraceae,Cantharocybe
123,Fungi,Basidiomycota,Agaricomycetes,Agaricales,Omphalotaceae,Caripia
124,Fungi,Basidiomycota,Agaricomycetes,Agaricales,Tricholomataceae,Catathelasma
125,Fungi,Basidiomycota,Agaricomycetes,Agaricales,Amanitaceae,Catatrama
126,Fungi,Basidiomycota,Agaricomycetes,Agaricales,Tricholomataceae,Caulorhiza
127,Fungi,Basidiomycota,Agaricomycetes,Amylocorticiales,Amylocorticiaceae,Ceraceomyces
128,Fungi,Basidiomycota,Agaricomycetes,Cantharellales,Ceratobasidiaceae,Ceratobasidium
129,Fungi,Basidiomycota,Agaricomycetes,Agaricales,Tricholomataceae,Cercopemyces
131,Fungi,Basidiomycota,Agaricomycetes,Polyporales,Phanerochaetaceae,Ceriporia
132,Fungi,Basidiomycota,Agaricomycetes,Polyporales,Phanerochaetaceae,Ceriporiopsis
133,Fungi,Basidiomycota,Agaricomycetes,Polyporales,Polyporaceae,Cerrena
134,Fungi,Basidiomycota,Agaricomycetes,Agaricales,Marasmiaceae,Chaetocalathus
135,Fungi,Basidiomycota,Agaricomycetes,Sebacinales,Sebacinaceae,Chaetospermum
136,Fungi,Basidiomycota,Agaricomycetes,Agaricales,Pterulaceae,Chaetotyphula
137,Fungi,Basidiomycota,Agaricomycetes,Boletales,Boletaceae,Chalciporus
138,Fungi,Basidiomycota,Agaricomycetes,Agaricales,Agaricaceae,Chamaemyces
139,Fungi,Basidiomycota,Agaricomycetes,Agaricales,Pluteaceae,Chamaeota
140,Fungi,Basidiomycota,Agaricomycetes,Boletales,Boletaceae,Chamonixia
141,Fungi,Basidiomycota,Agaricomycetes,Agaricales,Cyphellaceae,Cheimonophyllum
142,Fungi,Basidiomycota,Agaricomycetes,Agaricales,Agaricaceae,Chlorophyllum
143,Fungi,Basidiomycota,Agaricomycetes,Hysterangiales,Mesophelliaceae,Chondrogaster
144,Fungi,Basidiomycota,Agaricomycetes,Agaricales,Cyphellaceae,Chondrostereum
145,Fungi,Basidiomycota,Agaricomycetes,Agaricales,Hymenogastraceae,Chromocyphella
146,Fungi,Basidiomycota,Agaricomycetes,Agaricales,Hygrophoraceae,Chromosera
147,Fungi,Basidiomycota,Agaricomycetes,Boletales,Gomphidiaceae,Chroogomphus
148,Fungi,Basidiomycota,Agaricomycetes,Agaricales,Hygrophoraceae,Chrysomphalina
149,Fungi,Basidiomycota,Agaricomycetes,Agaricales,Physalacriaceae,Cibaomyces
150,Fungi,Basidiomycota,Agaricomycetes,Polyporales,Polyporaceae,Cinereomyces
151,Fungi,Basidiomycota,Agaricomycetes,Agaricales,Agaricaceae,Clarkeinda
152,Fungi,Basidiomycota,Agaricomycetes,Phallales,Phallaceae,Clathrus
153,Fungi,Basidiomycota,Agaricomycetes,Agaricales,Entolomataceae,Claudopus
154,Fungi,Basidiomycota,Agaricomycetes,Phallales,Claustulaceae,Claustula
155,Fungi,Basidiomycota,Agaricomycetes,Agaricales,Clavariaceae,Clavaria
156,Fungi,Basidiomycota,Agaricomycetes,Gomphales,Clavariadelphaceae,Clavariadelphus
157,Fungi,Basidiomycota,Agaricomycetes,Agaricales,Strophariaceae,Clavogaster
158,Fungi,Basidiomycota,Agaricomycetes,Cantharellales,Cantharellaceae,Clavulicium
159,Fungi,Basidiomycota,Agaricomycetes,Cantharellales,Cantharellaceae,Clavulina
160,Fungi,Basidiomycota,Agaricomycetes,Agaricales,Clavariaceae,Clavulinopsis
161,Fungi,Basidiomycota,Agaricomycetes,Agaricales,Tricholomataceae,Cleistocybe
162,Fungi,Basidiomycota,Agaricomycetes,Polyporales,Fomitopsidaceae,Climacocystis
163,Fungi,Basidiomycota,Agaricomycetes,Polyporales,Phanerochaetaceae,Climacodon
164,Fungi,Basidiomycota,Agaricomycetes,Agaricales,Entolomataceae,Clitocella
165,Fungi,Basidiomycota,Agaricomycetes,Agaricales,Tricholomataceae,Clitocybe
166,Fungi,Basidiomycota,Agaricomycetes,Agaricales,Marasmiaceae,Clitocybula
167,Fungi,Basidiomycota,Agaricomycetes,Agaricales,Entolomataceae,Clitopilopsis
168,Fungi,Basidiomycota,Agaricomycetes,Agaricales,Entolomataceae,Clitopilus
169,Fungi,Basidiomycota,Agaricomycetes,Agaricales,Tricholomataceae,Collybia
170,Fungi,Basidiomycota,Agaricomycetes,Hymenochaetales,Hymenochaetaceae,Coltricia
171,Fungi,Basidiomycota,Agaricomycetes,Hymenochaetales,Hymenochaetaceae,Coltriciella
172,Fungi,Basidiomycota,Agaricomycetes,Agaricales,Tricholomataceae,Conchomyces
173,Fungi,Basidiomycota,Agaricomycetes,Agaricales,Agaricaceae,Coniolepiota
174,Fungi,Basidiomycota,Agaricomycetes,Boletales,Coniophoraceae,Coniophora
175,Fungi,Basidiomycota,Agaricomycetes,Agaricales,Bolbitiaceae,Conocybe
176,Fungi,Basidiomycota,Agaricomycetes,Agaricales,Psathyrellaceae,Coprinellus
177,Fungi,Basidiomycota,Agaricomycetes,Agaricales,Psathyrellaceae,Coprinopsis
178,Fungi,Basidiomycota,Agaricomycetes,Agaricales,Agaricaceae,Coprinus
179,Fungi,Basidiomycota,Agaricomycetes,Polyporales,Polyporaceae,Coriolopsis
180,Fungi,Basidiomycota,Agaricomycetes,Agaricales,Tricholomataceae,Corneriella
181,Fungi,Basidiomycota,Agaricomycetes,Agaricales,Pterulaceae,Coronicium
182,Fungi,Basidiomycota,Agaricomycetes,Corticiales,Corticiaceae,Corticium
183,Fungi,Basidiomycota,Agaricomycetes,Agaricales,Cortinariaceae,Cortinarius
184,Fungi,Basidiomycota,Agaricomycetes,Hymenochaetales,Rickenellaceae,Cotylidia
185,Fungi,Basidiomycota,Agaricomycetes,Cantharellales,Cantharellaceae,Craterellus
186,Fungi,Basidiomycota,Agaricomycetes,Sebacinales,Sebacinaceae,Craterocolla
187,Fungi,Basidiomycota,Agaricomycetes,Agaricales,Inocybaceae,Crepidotus
188,Fungi,Basidiomycota,Agaricomycetes,Agaricales,Cortinariaceae,Cribbea
189,Fungi,Basidiomycota,Agaricomycetes,Agaricales,Marasmiaceae,Crinipellis
190,Fungi,Basidiomycota,Agaricomycetes,Agaricales,Stephanosporaceae,Cristinia
191,Fungi,Basidiomycota,Agaricomycetes,Agaricales,Agaricaceae,Crucibulum
192,Fungi,Basidiomycota,Agaricomycetes,Agaricales,Mycenaceae,Cruentomycena
193,Fungi,Basidiomycota,Agaricomycetes,Polyporales,Meruliaceae,Crustoderma
194,Fungi,Basidiomycota,Agaricomycetes,Polyporales,Meruliaceae,Crustodontia
195,Fungi,Basidiomycota,Agaricomycetes,Agaricales,Cystostereaceae,Crustomyces
196,Fungi,Basidiomycota,Agaricomycetes,Agaricales,Physalacriaceae,Cryptomarasmius
197,Fungi,Basidiomycota,Agaricomycetes,Polyporales,Polyporaceae,Cryptoporus
198,Fungi,Basidiomycota,Agaricomycetes,Agaricales,Hygrophoraceae,Cuphophyllus
199,Fungi,Basidiomycota,Agaricomycetes,Boletales,Boletaceae,Cyanoboletus
200,Fungi,Basidiomycota,Agaricomycetes,Agaricales,Agaricaceae,Cyathus
201,Fungi,Basidiomycota,Agaricomycetes,Agaricales,Agaricaceae,CyAThus
202,Fungi,Basidiomycota,Agaricomycetes,Agaricales,Strophariaceae,Cyclocybe
203,Fungi,Basidiomycota,Agaricomycetes,Hymenochaetales,Hymenochaetaceae,Cyclomyces
204,Fungi,Basidiomycota,Agaricomycetes,Agaricales,Physalacriaceae,Cylindrobasidium
205,Fungi,Basidiomycota,Agaricomycetes,Polyporales,Meruliaceae,Cymatoderma
206,Fungi,Basidiomycota,Agaricomycetes,Agaricales,Cyphellaceae,Cyphella
207,Fungi,Basidiomycota,Agaricomycetes,Agaricales,Niaceae,Cyphellopsis
208,Fungi,Basidiomycota,Agaricomycetes,Agaricales,Hygrophoraceae,Cyphellostereum
209,Fungi,Basidiomycota,Agaricomycetes,Agaricales,Physalacriaceae,Cyptotrama
210,Fungi,Basidiomycota,Agaricomycetes,Russulales,Russulaceae,Cystangium
211,Fungi,Basidiomycota,Agaricomycetes,Agaricales,Cystostereaceae,Cystidiodontia
212,Fungi,Basidiomycota,Agaricomycetes,Agaricales,Psathyrellaceae,Cystoagaricus
213,Fungi,Basidiomycota,Agaricomycetes,Agaricales,Agaricaceae,Cystoderma
214,Fungi,Basidiomycota,Agaricomycetes,Agaricales,Agaricaceae,Cystodermella
216,Fungi,Basidiomycota,Agaricomycetes,Agaricales,Agaricaceae,Cystolepiota
217,Fungi,Basidiomycota,Agaricomycetes,Agaricales,Cystostereaceae,Cystostereum
218,Fungi,Basidiomycota,Agaricomycetes,Corticiales,Corticiaceae,Cytidia
219,Fungi,Basidiomycota,Agaricomycetes,Polyporales,Fomitopsidaceae,Dacryobolus
221,Fungi,Basidiomycota,Agaricomycetes,Polyporales,Fomitopsidaceae,Daedalea
222,Fungi,Basidiomycota,Agaricomycetes,Polyporales,Polyporaceae,Daedaleopsis
223,Fungi,Basidiomycota,Agaricomycetes,Polyporales,Polyporaceae,Datronia
224,Fungi,Basidiomycota,Agaricomycetes,Agaricales,Strophariaceae,Deconica
225,Fungi,Basidiomycota,Agaricomycetes,Agaricales,Pterulaceae,Deflexula
226,Fungi,Basidiomycota,Agaricomycetes,Agaricales,Tricholomataceae,Delicatula
227,Fungi,Basidiomycota,Agaricomycetes,Agaricales,Tricholomataceae,Dendrocollybia
228,Fungi,Basidiomycota,Agaricomycetes,Corticiales,Corticiaceae,Dendrocorticium
229,Fungi,Basidiomycota,Agaricomycetes,Agaricales,Niaceae,Dendrothele
230,Fungi,Basidiomycota,Agaricomycetes,Agaricales,Tricholomataceae,Dennisiomyces
231,Fungi,Basidiomycota,Agaricomycetes,Russulales,Hericiaceae,Dentipellis
232,Fungi,Basidiomycota,Agaricomycetes,Russulales,incertae_sedis,Dentipellopsis
233,Fungi,Basidiomycota,Agaricomycetes,Polyporales,Polyporaceae,Dentocorticium
234,Fungi,Basidiomycota,Agaricomycetes,Agaricales,Cortinariaceae,Dermocybe
235,Fungi,Basidiomycota,Agaricomycetes,Agaricales,Tricholomataceae,Dermoloma
237,Fungi,Basidiomycota,Agaricomycetes,Agaricales,Bolbitiaceae,Descolea
238,Fungi,Basidiomycota,Agaricomycetes,Agaricales,Bolbitiaceae,Descomyces
239,Fungi,Basidiomycota,Agaricomycetes,Polyporales,Polyporaceae,Dichomitus
240,Fungi,Basidiomycota,Agaricomycetes,Russulales,Lachnocladiaceae,Dichostereum
241,Fungi,Basidiomycota,Agaricomycetes,Agaricales,Hygrophoraceae,Dictyonema
242,Fungi,Basidiomycota,Agaricomycetes,Agaricales,Mycenaceae,Dictyopanus
243,Fungi,Basidiomycota,Agaricomycetes,Phallales,Phallaceae,Dictyophora
245,Fungi,Basidiomycota,Agaricomycetes,Boletales,Diplocystidiaceae,Diplocystis
246,Fungi,Basidiomycota,Agaricomycetes,Polyporales,Polyporaceae,Diplomitoporus
247,Fungi,Basidiomycota,Agaricomycetes,Agaricales,Agaricaceae,Disciseda
249,Fungi,Basidiomycota,Agaricomycetes,Polyporales,Fomitopsidaceae,Donkioporia
250,Fungi,Basidiomycota,Agaricomycetes,Polyporales,Polyporaceae,Earliella
251,Fungi,Basidiomycota,Agaricomycetes,Polyporales,Polyporaceae,Echinochaete
252,Fungi,Basidiomycota,Agaricomycetes,Agaricales,Agaricaceae,Echinoderma
253,Fungi,Basidiomycota,Agaricomycetes,Russulales,Echinodontiaceae,Echinodontium
254,Fungi,Basidiomycota,Agaricomycetes,Polyporales,Phanerochaetaceae,Efibula
255,Fungi,Basidiomycota,Agaricomycetes,Auriculariales,Aporpiaceae,Elmerina
256,Fungi,Basidiomycota,Agaricomycetes,Agaricales,Entolomataceae,Entocybe
257,Fungi,Basidiomycota,Agaricomycetes,Agaricales,Entolomataceae,Entoloma
258,Fungi,Basidiomycota,Agaricomycetes,Agaricales,Hygrophoraceae,Eonema
259,Fungi,Basidiomycota,Agaricomycetes,Polyporales,Polyporaceae,Epithele
260,Fungi,Basidiomycota,Agaricomycetes,Agaricales,Agaricaceae,Eriocybe
261,Fungi,Basidiomycota,Agaricomycetes,Lepidostromatales,Lepidostromataceae,Ertzia
262,Fungi,Basidiomycota,Agaricomycetes,Corticiales,Corticiaceae,Erythricium
263,Fungi,Basidiomycota,Agaricomycetes,Tremellales,Exidiaceae,Exidia
264,Fungi,Basidiomycota,Agaricomycetes,Auriculariales,Auriculariaceae,Exidiopsis
265,Fungi,Basidiomycota,Agaricomycetes,Polyporales,Polyporaceae,Faerberia
266,Fungi,Basidiomycota,Agaricomycetes,Agaricales,Mycenaceae,Favolaschia
267,Fungi,Basidiomycota,Agaricomycetes,Agaricales,Tricholomataceae,Fayodia
269,Fungi,Basidiomycota,Agaricomycetes,Boletales,Rhizopogonaceae,Fevansia
270,Fungi,Basidiomycota,Agaricomycetes,Hymenochaetales,Repetobasidiaceae,Fibricium
271,Fungi,Basidiomycota,Agaricomycetes,Hymenochaetales,Schizoporaceae,Fibrodontia
272,Fungi,Basidiomycota,Agaricomycetes,Polyporales,Polyporaceae,Fibroporia
275,Fungi,Basidiomycota,Agaricomycetes,Agaricales,Mycenaceae,Filoboletus
276,Fungi,Basidiomycota,Agaricomycetes,Agaricales,Fistulinaceae,Fistulina
277,Fungi,Basidiomycota,Agaricomycetes,Boletales,Boletaceae,Fistulinella
278,Fungi,Basidiomycota,Agaricomycetes,Agaricales,Niaceae,Flagelloscypha
279,Fungi,Basidiomycota,Agaricomycetes,Agaricales,Hymenogastraceae,Flammula
280,Fungi,Basidiomycota,Agaricomycetes,Agaricales,Inocybaceae,Flammulaster
281,Fungi,Basidiomycota,Agaricomycetes,Agaricales,Physalacriaceae,Flammulina
282,Fungi,Basidiomycota,Agaricomycetes,Polyporales,Meruliaceae,Flaviporus
283,Fungi,Basidiomycota,Agaricomycetes,Polyporales,Meruliaceae,Flavophlebia
284,Fungi,Basidiomycota,Agaricomycetes,Agaricales,Agaricaceae,Floccularia
285,Fungi,Basidiomycota,Agaricomycetes,Polyporales,Polyporaceae,Fomes
286,Fungi,Basidiomycota,Agaricomycetes,Hymenochaetales,Hymenochaetaceae,Fomitiporella
287,Fungi,Basidiomycota,Agaricomycetes,Hymenochaetales,Hymenochaetaceae,Fomitiporia
288,Fungi,Basidiomycota,Agaricomycetes,Polyporales,Fomitopsidaceae,Fomitopsis
289,Fungi,Basidiomycota,Agaricomycetes,Hymenochaetales,Hymenochaetaceae,Fulvifomes
290,Fungi,Basidiomycota,Agaricomycetes,Hymenochaetales,Hymenochaetaceae,Fuscoporia
291,Fungi,Basidiomycota,Agaricomycetes,Agaricales,Bolbitiaceae,Galerella
292,Fungi,Basidiomycota,Agaricomycetes,Agaricales,Bolbitiaceae,Galerella
293,Fungi,Basidiomycota,Agaricomycetes,Agaricales,Hymenogastraceae,Galerina
294,Fungi,Basidiomycota,Agaricomycetes,Agaricales,Hymenogastraceae,Galerina
295,Fungi,Basidiomycota,Agaricomycetes,Agaricales,Bolbitiaceae,Galeropsis
296,Fungi,Basidiomycota,Agaricomycetes,Hysterangiales,Gallaceaceae,Gallacea
297,Fungi,Basidiomycota,Agaricomycetes,Corticiales,Corticiaceae,Galzinia
298,Fungi,Basidiomycota,Agaricomycetes,Agaricales,Tricholomataceae,Gamundia
299,Fungi,Basidiomycota,Agaricomycetes,Polyporales,Ganodermataceae,Ganoderma
300,Fungi,Basidiomycota,Agaricomycetes,Boletales,Boletaceae,Gastroboletus
301,Fungi,Basidiomycota,Agaricomycetes,Agaricales,Bolbitiaceae,Gastrocybe
302,Fungi,Basidiomycota,Agaricomycetes,Boletales,Gastrosporiaceae,Gastrosporium
303,Fungi,Basidiomycota,Agaricomycetes,Gomphales,Gomphaceae,Gautieria
304,Fungi,Basidiomycota,Agaricomycetes,Geastrales,Geastraceae,Geastrum
305,Fungi,Basidiomycota,Agaricomycetes,Polyporales,Meruliaceae,Gelatoporia
306,Fungi,Basidiomycota,Agaricomycetes,Phallales,Claustulaceae,Gelopellis
307,Fungi,Basidiomycota,Agaricomycetes,Agaricales,Lyophyllaceae,Gerhardtia
308,Fungi,Basidiomycota,Agaricomycetes,Agaricales,Marasmiaceae,Gerronema
309,Fungi,Basidiomycota,Agaricomycetes,Agaricales,Tricholomataceae,Giacomia
310,Fungi,Basidiomycota,Agaricomycetes,Agaricales,Cortinariaceae,Gigasperma
311,Fungi,Basidiomycota,Agaricomycetes,Agaricales,Hygrophoraceae,Gliophorus
312,Fungi,Basidiomycota,Agaricomycetes,Cantharellales,Cantharellaceae,Globulicium
313,Fungi,Basidiomycota,Agaricomycetes,Sebacinales,Sebacinaceae,Globulisebacina
314,Fungi,Basidiomycota,Agaricomycetes,Gomphales,Gomphaceae,Gloeocantharellus
315,Fungi,Basidiomycota,Agaricomycetes,Russulales,Stereaceae,Gloeocystidiellum
316,Fungi,Basidiomycota,Agaricomycetes,Russulales,Gloeodontiaceae,Gloeodontia
317,Fungi,Basidiomycota,Agaricomycetes,Gloeophyllales,Gloeophyllaceae,Gloeophyllum
318,Fungi,Basidiomycota,Agaricomycetes,Polyporales,Meruliaceae,Gloeoporus
319,Fungi,Basidiomycota,Agaricomycetes,Agaricales,Cyphellaceae,Gloeostereum
320,Fungi,Basidiomycota,Agaricomycetes,Cantharellales,Tulasnellaceae,Gloeotulasnella
321,Fungi,Basidiomycota,Agaricomycetes,Agaricales,Physalacriaceae,Gloiocephala
322,Fungi,Basidiomycota,Agaricomycetes,Russulales,Bondarzewiaceae,Gloiodon
323,Fungi,Basidiomycota,Agaricomycetes,Agaricales,Hygrophoraceae,Gloioxanthomyces
324,Fungi,Basidiomycota,Agaricomycetes,Boletales,Gomphidiaceae,Gomphidius
325,Fungi,Basidiomycota,Agaricomycetes,Gomphales,Gomphaceae,Gomphus
326,Fungi,Basidiomycota,Agaricomycetes,Polyporales,Polyporaceae,Grammothele
327,Fungi,Basidiomycota,Agaricomycetes,Agaricales,Cyphellaceae,Granulobasidium
328,Fungi,Basidiomycota,Agaricomycetes,Polyporales,Grifolaceae,Grifola
331,Fungi,Basidiomycota,Agaricomycetes,Hysterangiales,Mesophelliaceae,Gummiglobus
332,Fungi,Basidiomycota,Agaricomycetes,Agaricales,Physalacriaceae,Guyanagaster
333,Fungi,Basidiomycota,Agaricomycetes,Boletales,Boletaceae,Gymnogaster
334,Fungi,Basidiomycota,Agaricomycetes,Russulales,Russulaceae,Gymnomyces
335,Fungi,Basidiomycota,Agaricomycetes,Boletales,Serpulaceae,Gymnopaxillus
336,Fungi,Basidiomycota,Agaricomycetes,Agaricales,Hymenogastraceae,Gymnopilus
337,Fungi,Basidiomycota,Agaricomycetes,Agaricales,Omphalotaceae,Gymnopus
338,Fungi,Basidiomycota,Agaricomycetes,Boletales,Paxillaceae,Gyrodon
339,Fungi,Basidiomycota,Agaricomycetes,Boletales,Coniophoraceae,Gyrodontium
340,Fungi,Basidiomycota,Agaricomycetes,Polyporales,Meruliaceae,Gyrophanopsis
341,Fungi,Basidiomycota,Agaricomycetes,Agaricales,Agaricaceae,Gyrophragmium
342,Fungi,Basidiomycota,Agaricomycetes,Boletales,Gyroporaceae,Gyroporus
343,Fungi,Basidiomycota,Agaricomycetes,Agaricales,Tricholomataceae,Haasiella
344,Fungi,Basidiomycota,Agaricomycetes,Hysterangiales,Gallaceaceae,Hallingea
345,Fungi,Basidiomycota,Agaricomycetes,Russulales,Stereaceae,Haloaleurodiscus
346,Fungi,Basidiomycota,Agaricomycetes,Agaricales,Niaceae,Halocyphina
347,Fungi,Basidiomycota,Agaricomycetes,Polyporales,Polyporaceae,Hapalopilus
348,Fungi,Basidiomycota,Agaricomycetes,Agaricales,Hymenogastraceae,Hebeloma
349,Fungi,Basidiomycota,Agaricomycetes,Agaricales,Hymenogastraceae,Hebelomina
350,Fungi,Basidiomycota,Agaricomycetes,Agaricales,Mycenaceae,Heimiomyces
351,Fungi,Basidiomycota,Agaricomycetes,Boletales,Boletaceae,Heimioporus
352,Fungi,Basidiomycota,Agaricomycetes,Agaricales,Agaricaceae,Heinemannomyces
353,Fungi,Basidiomycota,Agaricomycetes,Polyporales,Polyporaceae,Heliocybe
354,Fungi,Basidiomycota,Agaricomycetes,Sebacinales,Sebacinaceae,Helvellosebacina
355,Fungi,Basidiomycota,Agaricomycetes,Boletales,Boletaceae,Hemileccinum
356,Fungi,Basidiomycota,Agaricomycetes,Agaricales,Mycenaceae,Hemimycena
357,Fungi,Basidiomycota,Agaricomycetes,Agaricales,Strophariaceae,Pholiota
358,Fungi,Basidiomycota,Agaricomycetes,Agaricales,Cortinariaceae,Hemistropharia
359,Fungi,Basidiomycota,Agaricomycetes,Agaricales,Marasmiaceae,Henningsomyces
360,Fungi,Basidiomycota,Agaricomycetes,Russulales,Hericiaceae,Hericium
361,Fungi,Basidiomycota,Agaricomycetes,Russulales,Bondarzewiaceae,Heterobasidion
362,Fungi,Basidiomycota,Agaricomycetes,Auriculariales,Auriculariaceae,Heterochaete
363,Fungi,Basidiomycota,Agaricomycetes,Polyporales,Polyporaceae,Hexagonia
364,Fungi,Basidiomycota,Agaricomycetes,Agaricales,Pleurotaceae,Hohenbuehelia
365,Fungi,Basidiomycota,Agaricomycetes,Agaricales,Psathyrellaceae,Homophron
366,Fungi,Basidiomycota,Agaricomycetes,Boletales,Boletaceae,Hortiboletus
367,Fungi,Basidiomycota,Agaricomycetes,Agaricales,Hygrophoraceae,Humidicutis
368,Fungi,Basidiomycota,Agaricomycetes,Auriculariales,Hyaloriaceae,Hyaloria
369,Fungi,Basidiomycota,Agaricomycetes,Agaricales,Hydnangiaceae,Hydnangium
370,Fungi,Basidiomycota,Agaricomycetes,Thelephorales,Bankeraceae,Hydnellum
371,Fungi,Basidiomycota,Agaricomycetes,Hymenochaetales,Hymenochaetaceae,Hydnochaete
372,Fungi,Basidiomycota,Agaricomycetes,Gomphales,Lentariaceae,Hydnocristella
373,Fungi,Basidiomycota,Agaricomycetes,Boletales,Paxillaceae,Hydnomerulius
374,Fungi,Basidiomycota,Agaricomycetes,Polyporales,Meruliaceae,Hydnophlebia
375,Fungi,Basidiomycota,Agaricomycetes,Polyporales,Meripilaceae,Hydnopolyporus
376,Fungi,Basidiomycota,Agaricomycetes,Cantharellales,Cantharellaceae,Hydnum
377,Fungi,Basidiomycota,Agaricomycetes,Agaricales,Marasmiaceae,Hydropus
378,Fungi,Basidiomycota,Agaricomycetes,Agaricales,Hygrophoraceae,Hygroaster
379,Fungi,Basidiomycota,Agaricomycetes,Agaricales,Hygrophoraceae,Hygrocybe
380,Fungi,Basidiomycota,Agaricomycetes,Boletales,Hygrophoropsidaceae,Hygrophoropsis
381,Fungi,Basidiomycota,Agaricomycetes,Agaricales,Hygrophoraceae,Hygrophorus
382,Fungi,Basidiomycota,Agaricomycetes,Agaricales,Agaricaceae,Hymenagaricus
383,Fungi,Basidiomycota,Agaricomycetes,Hymenochaetales,Hymenochaetaceae,Hymenochaete
384,Fungi,Basidiomycota,Agaricomycetes,Agaricales,Hymenogastraceae,Hymenogaster
385,Fungi,Basidiomycota,Agaricomycetes,Agaricales,Marasmiaceae,Hymenogloea
386,Fungi,Basidiomycota,Agaricomycetes,Agaricales,Physalacriaceae,Hymenopellis
387,Fungi,Basidiomycota,Agaricomycetes,Polyporales,Meruliaceae,Hyphoderma
388,Fungi,Basidiomycota,Agaricomycetes,Polyporales,Phanerochaetaceae,Hyphodermella
389,Fungi,Basidiomycota,Agaricomycetes,Hymenochaetales,Schizoporaceae,Hyphodontia
390,Fungi,Basidiomycota,Agaricomycetes,Agaricales,Clavariaceae,Hyphodontiella
391,Fungi,Basidiomycota,Agaricomycetes,Agaricales,Strophariaceae,Hypholoma
392,Fungi,Basidiomycota,Agaricomycetes,Polyporales,Meruliaceae,Hypochnicium
393,Fungi,Basidiomycota,Agaricomycetes,Agaricales,Lyophyllaceae,Hypsizygus
394,Fungi,Basidiomycota,Agaricomycetes,Hysterangiales,Hysterangiaceae,Hysterangium
395,Fungi,Basidiomycota,Agaricomycetes,Phallales,Phallaceae,Ileodictyon
396,Fungi,Basidiomycota,Agaricomycetes,Boletales,Boletaceae,Imleria
397,Fungi,Basidiomycota,Agaricomycetes,Boletales,Boletaceae,Imperator
398,Fungi,Basidiomycota,Agaricomycetes,Agaricales,Tricholomataceae,Infundibulicybe
399,Fungi,Basidiomycota,Agaricomycetes,Agaricales,Entolomataceae,Inocephalus
400,Fungi,Basidiomycota,Agaricomycetes,Hymenochaetales,Hymenochaetaceae,Inocutis
401,Fungi,Basidiomycota,Agaricomycetes,Agaricales,Inocybaceae,Inocybe
402,Fungi,Basidiomycota,Agaricomycetes,Hymenochaetales,Hymenochaetaceae,Inonotus
403,Fungi,Basidiomycota,Agaricomycetes,Agaricales,Entolomataceae,Inopilus
404,Fungi,Basidiomycota,Agaricomycetes,Polyporales,Hyphodermataceae,Intextomyces
405,Fungi,Basidiomycota,Agaricomycetes,Polyporales,Meruliaceae,Irpex
406,Fungi,Basidiomycota,Agaricomycetes,Polyporales,Fomitopsidaceae,Ischnoderma
407,Fungi,Basidiomycota,Agaricomycetes,Jaapiales,Jaapiaceae,Jaapia
408,Fungi,Basidiomycota,Agaricomycetes,Russulales,Albatrellaceae,Jahnoporus
409,Fungi,Basidiomycota,Agaricomycetes,Polyporales,Meruliaceae,Junghuhnia
410,Fungi,Basidiomycota,Agaricomycetes,Agaricales,Psathyrellaceae,Kauffmania
411,Fungi,Basidiomycota,Agaricomycetes,Gomphales,Lentariaceae,Kavinia
412,Fungi,Basidiomycota,Agaricomycetes,Phallales,Claustulaceae,Kjeldsenia
413,Fungi,Basidiomycota,Agaricomycetes,Phallales,Phallaceae,Kobayasia
414,Fungi,Basidiomycota,Agaricomycetes,Agaricales,Strophariaceae,Kuehneromyces
415,Fungi,Basidiomycota,Agaricomycetes,Agaricales,Hydnangiaceae,Laccaria
416,Fungi,Basidiomycota,Agaricomycetes,Agaricales,Hydnangiaceae,Laccaria
417,Fungi,Basidiomycota,Agaricomycetes,Agaricales,Niaceae,Lachnella
418,Fungi,Basidiomycota,Agaricomycetes,Agaricales,Psathyrellaceae,Lacrymaria
419,Fungi,Basidiomycota,Agaricomycetes,Russulales,Russulaceae,Lactarius
420,Fungi,Basidiomycota,Agaricomycetes,Russulales,Russulaceae,Lactifluus
421,Fungi,Basidiomycota,Agaricomycetes,Russulales,incertae_sedis,Laeticutis
422,Fungi,Basidiomycota,Agaricomycetes,Polyporales,Fomitopsidaceae,Laetiporus
423,Fungi,Basidiomycota,Agaricomycetes,Corticiales,Corticiaceae,Laetisaria
424,Fungi,Basidiomycota,Agaricomycetes,Agaricales,Marasmiaceae,Lampteromyces
425,Fungi,Basidiomycota,Agaricomycetes,Boletales,Boletaceae,Lanmaoa
426,Fungi,Basidiomycota,Agaricomycetes,Phallales,Phallaceae,Laternea
427,Fungi,Basidiomycota,Agaricomycetes,Russulales,Echinodontiaceae,Laurilia
428,Fungi,Basidiomycota,Agaricomycetes,Russulales,Hericiaceae,Laxitextum
429,Fungi,Basidiomycota,Agaricomycetes,Boletales,Boletaceae,Leccinellum
430,Fungi,Basidiomycota,Agaricomycetes,Boletales,Boletaceae,Leccinum
431,Fungi,Basidiomycota,Agaricomycetes,Polyporales,Polyporaceae,Leiotrametes
432,Fungi,Basidiomycota,Agaricomycetes,Gomphales,Lentariaceae,Lentaria
433,Fungi,Basidiomycota,Agaricomycetes,Russulales,Auriscalpiaceae,Lentinellus
434,Fungi,Basidiomycota,Agaricomycetes,Agaricales,Omphalotaceae,Lentinula
435,Fungi,Basidiomycota,Agaricomycetes,Polyporales,Polyporaceae,Lentinus
436,Fungi,Basidiomycota,Agaricomycetes,Polyporales,Polyporaceae,Lenzites
437,Fungi,Basidiomycota,Agaricomycetes,Lepidostromatales,Lepidostromataceae,Lepidostroma
438,Fungi,Basidiomycota,Agaricomycetes,Agaricales,Agaricaceae,Lepiota
439,Fungi,Basidiomycota,Agaricomycetes,Agaricales,Tricholomataceae,Lepista
440,Fungi,Basidiomycota,Agaricomycetes,Agaricales,Tricholomataceae,Lepistella
441,Fungi,Basidiomycota,Agaricomycetes,Agaricales,Entolomataceae,Leptonia
442,Fungi,Basidiomycota,Agaricomycetes,Polyporales,Polyporaceae,Leptoporus
443,Fungi,Basidiomycota,Agaricomycetes,Atheliales,Atheliaceae,Leptosporomyces
444,Fungi,Basidiomycota,Agaricomycetes,Agaricales,Strophariaceae,Leratiomyces
445,Fungi,Basidiomycota,Agaricomycetes,Agaricales,Agaricaceae,Leucoagaricus
446,Fungi,Basidiomycota,Agaricomycetes,Agaricales,Agaricaceae,LeucoAGAricus
447,Fungi,Basidiomycota,Agaricomycetes,Agaricales,Agaricaceae,Leucocoprinus
448,Fungi,Basidiomycota,Agaricomycetes,Agaricales,Tricholomataceae,Leucocortinarius
449,Fungi,Basidiomycota,Agaricomycetes,Agaricales,Tricholomataceae,Leucocybe
450,Fungi,Basidiomycota,Agaricomycetes,Russulales,Albatrellaceae,Leucogaster
451,Fungi,Basidiomycota,Agaricomycetes,Boletales,Hygrophoropsidaceae,Leucogyrophana
452,Fungi,Basidiomycota,Agaricomycetes,Agaricales,Tricholomataceae,Leucopaxillus
453,Fungi,Basidiomycota,Agaricomycetes,Agaricales,Tricholomataceae,Leucopholiota
454,Fungi,Basidiomycota,Agaricomycetes,Agaricales,Hygrophoraceae,Lichenomphalia
455,Fungi,Basidiomycota,Agaricomycetes,Polyporales,Polyporaceae,Lignosus
456,Fungi,Basidiomycota,Agaricomycetes,Agaricales,Amanitaceae,Limacella
457,Fungi,Basidiomycota,Agaricomycetes,Agaricales,Amanitaceae,Limacella
458,Fungi,Basidiomycota,Agaricomycetes,Agaricales,Tricholomataceae,Limnoperdon
459,Fungi,Basidiomycota,Agaricomycetes,Corticiales,Corticiaceae,Limonomyces
460,Fungi,Basidiomycota,Agaricomycetes,Agaricales,Stephanosporaceae,Lindtneria
461,Fungi,Basidiomycota,Agaricomycetes,Polyporales,Polyporaceae,Lopharia
462,Fungi,Basidiomycota,Agaricomycetes,Polyporales,Polyporaceae,Loweporus
463,Fungi,Basidiomycota,Agaricomycetes,Agaricales,Tricholomataceae,Lulesia
464,Fungi,Basidiomycota,Agaricomycetes,Agaricales,Agaricaceae,Lycoperdon
465,Fungi,Basidiomycota,Agaricomycetes,Agaricales,Lyophyllaceae,Lyophyllum
466,Fungi,Basidiomycota,Agaricomycetes,Phallales,Phallaceae,Lysurus
467,Fungi,Basidiomycota,Agaricomycetes,Boletales,Boletaceae,Mackintoshia
468,Fungi,Basidiomycota,Agaricomycetes,Agaricales,Tricholomataceae,Macrocybe
469,Fungi,Basidiomycota,Agaricomycetes,Agaricales,Marasmiaceae,Macrocystidia
470,Fungi,Basidiomycota,Agaricomycetes,Agaricales,Agaricaceae,Macrolepiota
471,Fungi,Basidiomycota,Agaricomycetes,Agaricales,Agaricaceae,Macrolepiota
472,Fungi,Basidiomycota,Agaricomycetes,Agaricales,Typhulaceae,Macrotyphula
473,Fungi,Basidiomycota,Agaricomycetes,Hysterangiales,Mesophelliaceae,Malajczukia
474,Fungi,Basidiomycota,Agaricomycetes,Agaricales,Inocybaceae,Mallocybe
475,Fungi,Basidiomycota,Agaricomycetes,Agaricales,Omphalotaceae,Marasmiellus
476,Fungi,Basidiomycota,Agaricomycetes,Agaricales,Marasmiaceae,Marasmius
477,Fungi,Basidiomycota,Agaricomycetes,Corticiales,Corticiaceae,Marchandiopsis
478,Fungi,Basidiomycota,Agaricomycetes,Agaricales,Stephanosporaceae,Mayamontana
479,Fungi,Basidiomycota,Agaricomycetes,Polyporales,Polyporaceae,Megasporoporia
480,Fungi,Basidiomycota,Agaricomycetes,Boletales,Paxillaceae,Melanogaster
481,Fungi,Basidiomycota,Agaricomycetes,Agaricales,Tricholomataceae,Melanoleuca
482,Fungi,Basidiomycota,Agaricomycetes,Agaricales,Tricholomataceae,Melanomphalia
483,Fungi,Basidiomycota,Agaricomycetes,Agaricales,Agaricaceae,Melanophyllum
484,Fungi,Basidiomycota,Agaricomycetes,Polyporales,Polyporaceae,Melanoporia
485,Fungi,Basidiomycota,Agaricomycetes,Agaricales,Inocybaceae,Melanotus
486,Fungi,Basidiomycota,Agaricomycetes,Cantharellales,Cantharellaceae,Membranomyces
487,Fungi,Basidiomycota,Agaricomycetes,Hymenochaetales,Hymenochaetaceae,Mensularia
488,Fungi,Basidiomycota,Agaricomycetes,Agaricales,Cortinariaceae,Meottomyces
489,Fungi,Basidiomycota,Agaricomycetes,Polyporales,Meripilaceae,Meripilus
490,Fungi,Basidiomycota,Agaricomycetes,Agaricales,Niaceae,Merismodes
491,Fungi,Basidiomycota,Agaricomycetes,Polyporales,Phanerochaetaceae,Meruliopsis
492,Fungi,Basidiomycota,Agaricomycetes,Hysterangiales,Mesophelliaceae,Mesophellia
493,Fungi,Basidiomycota,Agaricomycetes,Polyporales,Polyporaceae,Microporus
494,Fungi,Basidiomycota,Agaricomycetes,Agaricales,Agaricaceae,Micropsalliota
495,Fungi,Basidiomycota,Agaricomycetes,Cantharellales,incertae_sedis,Minimedusa
496,Fungi,Basidiomycota,Agaricomycetes,Agaricales,Marasmiaceae,Moniliophthora
497,Fungi,Basidiomycota,Agaricomycetes,Agaricales,Agaricaceae,Montagnea
498,Fungi,Basidiomycota,Agaricomycetes,Agaricales,Agaricaceae,Morganella
499,Fungi,Basidiomycota,Agaricomycetes,Agaricales,Clavariaceae,Mucronella
500,Fungi,Basidiomycota,Agaricomycetes,Cantharellales,Cantharellaceae,Multiclavula
501,Fungi,Basidiomycota,Agaricomycetes,Russulales,Russulaceae,Multifurca
502,Fungi,Basidiomycota,Agaricomycetes,Agaricales,Pseudoclitocybaceae,Musumecia
503,Fungi,Basidiomycota,Agaricomycetes,Corticiales,Corticiaceae,Mutatoderma
504,Fungi,Basidiomycota,Agaricomycetes,Phallales,Phallaceae,Mutinus
505,Fungi,Basidiomycota,Agaricomycetes,Agaricales,Mycenaceae,Mycena
506,Fungi,Basidiomycota,Agaricomycetes,Agaricales,Tricholomataceae,Mycenella
507,Fungi,Basidiomycota,Agaricomycetes,Agaricales,Mycenaceae,Mycenoporella
508,Fungi,Basidiomycota,Agaricomycetes,Agaricales,Omphalotaceae,Mycetinis
509,Fungi,Basidiomycota,Agaricomycetes,Polyporales,Meruliaceae,Mycoacia
510,Fungi,Basidiomycota,Agaricomycetes,Polyporales,Meruliaceae,Mycoaciella
511,Fungi,Basidiomycota,Agaricomycetes,Polyporales,Polyporaceae,Mycobonia
512,Fungi,Basidiomycota,Agaricomycetes,Agaricales,Agaricaceae,Mycocalia
513,Fungi,Basidiomycota,Agaricomycetes,Agaricales,Stephanosporaceae,Lindtneria
514,Fungi,Basidiomycota,Agaricomycetes,Agaricales,Marasmiaceae,Mycopan
515,Fungi,Basidiomycota,Agaricomycetes,Polyporales,Meruliaceae,Mycorrhaphium
516,Fungi,Basidiomycota,Agaricomycetes,Agaricales,Lyophyllaceae,Myochromella
517,Fungi,Basidiomycota,Agaricomycetes,Geastrales,Geastraceae,Myriostoma
518,Fungi,Basidiomycota,Agaricomycetes,Agaricales,Psathyrellaceae,Mythicomyces
519,Fungi,Basidiomycota,Agaricomycetes,Auriculariales,Hyaloriaceae,Myxarium
520,Fungi,Basidiomycota,Agaricomycetes,Agaricales,Tricholomataceae,Myxomphalia
521,Fungi,Basidiomycota,Agaricomycetes,Agaricales,Physalacriaceae,Naiadolina
522,Fungi,Basidiomycota,Agaricomycetes,Agaricales,Hymenogastraceae,Naucoria
523,Fungi,Basidiomycota,Agaricomycetes,Boletales,Boletaceae,Neoboletus
524,Fungi,Basidiomycota,Agaricomycetes,Agaricales,Hygrophoraceae,Neohygrocybe
525,Fungi,Basidiomycota,Agaricomycetes,Agaricales,Tricholomataceae,Pseudoomphalina
526,Fungi,Basidiomycota,Agaricomycetes,Polyporales,Polyporaceae,Neolentinus
527,Fungi,Basidiomycota,Agaricomycetes,Polyporales,Polyporaceae,Neolentiporus
528,Fungi,Basidiomycota,Agaricomycetes,Agaricales,Omphalotaceae,Neonothopanus
529,Fungi,Basidiomycota,Agaricomycetes,Agaricales,Inocybaceae,Neopaxillus
530,Fungi,Basidiomycota,Agaricomycetes,Agaricales,Niaceae,Nia
531,Fungi,Basidiomycota,Agaricomycetes,Agaricales,Agaricaceae,Nidula
532,Fungi,Basidiomycota,Agaricomycetes,Agaricales,Agaricaceae,Nidularia
533,Fungi,Basidiomycota,Agaricomycetes,Polyporales,Polyporaceae,Nigroporus
534,Fungi,Basidiomycota,Agaricomycetes,Agaricales,Strophariaceae,Nivatogastrium
535,Fungi,Basidiomycota,Agaricomycetes,Agaricales,Entolomataceae,Nolanea
536,Fungi,Basidiomycota,Agaricomycetes,Hysterangiales,Mesophelliaceae,Nothocastoreum
537,Fungi,Basidiomycota,Agaricomycetes,Agaricales,Tricholomataceae,Notholepista
538,Fungi,Basidiomycota,Agaricomycetes,Agaricales,Marasmiaceae,Nothopanus
539,Fungi,Basidiomycota,Agaricomycetes,Polyporales,Gelatoporiaceae,Obba
540,Fungi,Basidiomycota,Agaricomycetes,Boletales,Boletaceae,Octaviania
541,Fungi,Basidiomycota,Agaricomycetes,Hymenochaetales,Rickenellaceae,Odonticium
542,Fungi,Basidiomycota,Agaricomycetes,Polyporales,Fomitopsidaceae,Oligoporus
543,Fungi,Basidiomycota,Agaricomycetes,Agaricales,Tricholomataceae,Omphaliaster
544,Fungi,Basidiomycota,Agaricomycetes,Agaricales,Tricholomataceae,Omphalina
545,Fungi,Basidiomycota,Agaricomycetes,Agaricales,Omphalotaceae,Omphalotus
546,Fungi,Basidiomycota,Agaricomycetes,Hymenochaetales,Hymenochaetaceae,Onnia
547,Fungi,Basidiomycota,Agaricomycetes,Agaricales,Lyophyllaceae,Ossicaulis
548,Fungi,Basidiomycota,Agaricomycetes,Agaricales,Physalacriaceae,Oudemansiella
549,Fungi,Basidiomycota,Agaricomycetes,Hymenochaetales,Schizoporaceae,Oxyporus
550,Fungi,Basidiomycota,Agaricomycetes,Polyporales,Polyporaceae,Pachykytospora
551,Fungi,Basidiomycota,Agaricomycetes,Agaricales,Hymenogastraceae,Pachylepyrium
552,Fungi,Basidiomycota,Agaricomycetes,Agaricales,Hymenogastraceae,Pachylepyrium
554,Fungi,Basidiomycota,Agaricomycetes,Hymenochaetales,Schizoporaceae,Palifer
555,Fungi,Basidiomycota,Agaricomycetes,Agaricales,Agaricaceae,Panaeolopsis
556,Fungi,Basidiomycota,Agaricomycetes,Agaricales,Bolbitiaceae,Panaeolus
557,Fungi,Basidiomycota,Agaricomycetes,Agaricales,Mycenaceae,Panellus
558,Fungi,Basidiomycota,Agaricomycetes,Polyporales,Polyporaceae,Panus
559,Fungi,Basidiomycota,Agaricomycetes,Boletales,Paxillaceae,Paragyrodon
560,Fungi,Basidiomycota,Agaricomycetes,Agaricales,Tricholomataceae,Paralepista
561,Fungi,Basidiomycota,Agaricomycetes,Agaricales,Tricholomataceae,Paralepistopsis
562,Fungi,Basidiomycota,Agaricomycetes,Agaricales,Psathyrellaceae,Parasola
563,Fungi,Basidiomycota,Agaricomycetes,Agaricales,Physalacriaceae,Paraxerula
564,Fungi,Basidiomycota,Agaricomycetes,Polyporales,Fomitopsidaceae,Parmastomyces
565,Fungi,Basidiomycota,Agaricomycetes,Sebacinales,Sebacinaceae,Paulisebacina
566,Fungi,Basidiomycota,Agaricomycetes,Boletales,Paxillaceae,Paxillus
567,Fungi,Basidiomycota,Agaricomycetes,Agaricales,Inocybaceae,Pellidiscus
568,Fungi,Basidiomycota,Agaricomycetes,Russulales,Peniophoraceae,Peniophora
569,Fungi,Basidiomycota,Agaricomycetes,Hymenochaetales,Rickenellaceae,Peniophorella
570,Fungi,Basidiomycota,Agaricomycetes,Polyporales,Polyporaceae,Perenniporia
571,Fungi,Basidiomycota,Agaricomycetes,Polyporales,Polyporaceae,Perenniporiella
572,Fungi,Basidiomycota,Agaricomycetes,Gomphales,Gomphaceae,Phaeoclavulina
573,Fungi,Basidiomycota,Agaricomycetes,Agaricales,Hymenogastraceae,Phaeocollybia
574,Fungi,Basidiomycota,Agaricomycetes,Agaricales,Hymenogastraceae,Phaeogalera
575,Fungi,Basidiomycota,Agaricomycetes,Agaricales,Agaricaceae,Phaeolepiota
576,Fungi,Basidiomycota,Agaricomycetes,Polyporales,Fomitopsidaceae,Phaeolus
577,Fungi,Basidiomycota,Agaricomycetes,Agaricales,Inocybaceae,Phaeomarasmius
578,Fungi,Basidiomycota,Agaricomycetes,Agaricales,Inocybaceae,Phaeomyces
579,Fungi,Basidiomycota,Agaricomycetes,Agaricales,Strophariaceae,Phaeonematoloma
580,Fungi,Basidiomycota,Agaricomycetes,Polyporales,Phanerochaetaceae,Phaeophlebiopsis
581,Fungi,Basidiomycota,Agaricomycetes,Boletales,Boletaceae,Tylopilus
582,Fungi,Basidiomycota,Agaricomycetes,Agaricales,Chromocyphellaceae,Phaeosolenia
583,Fungi,Basidiomycota,Agaricomycetes,Hysterangiales,Trappeaceae,Phallobata
584,Fungi,Basidiomycota,Agaricomycetes,Hysterangiales,Phallogastraceae,Phallogaster
585,Fungi,Basidiomycota,Agaricomycetes,Phallales,Phallaceae,Phallus
586,Fungi,Basidiomycota,Agaricomycetes,Polyporales,Phanerochaetaceae,Phanerochaete
587,Fungi,Basidiomycota,Agaricomycetes,Hymenochaetales,Hymenochaetaceae,Phellinidium
588,Fungi,Basidiomycota,Agaricomycetes,Hymenochaetales,Hymenochaetaceae,Phellinopsis
589,Fungi,Basidiomycota,Agaricomycetes,Hymenochaetales,Hymenochaetaceae,Phellinus
590,Fungi,Basidiomycota,Agaricomycetes,Thelephorales,Bankeraceae,Phellodon
591,Fungi,Basidiomycota,Agaricomycetes,Polyporales,Meruliaceae,Phlebia
592,Fungi,Basidiomycota,Agaricomycetes,Polyporales,Xenasmataceae,Phlebiella
593,Fungi,Basidiomycota,Agaricomycetes,Polyporales,Phanerochaetaceae,Phlebiopsis
594,Fungi,Basidiomycota,Agaricomycetes,Phallales,Claustulaceae,Phlebogaster
595,Fungi,Basidiomycota,Agaricomycetes,Boletales,Boletinellaceae,Phlebopus
596,Fungi,Basidiomycota,Agaricomycetes,Agaricales,Porotheleaceae,Phloeomana
597,Fungi,Basidiomycota,Agaricomycetes,Agaricales,Strophariaceae,Pholiota
598,Fungi,Basidiomycota,Agaricomycetes,Agaricales,Bolbitiaceae,Pholiotina
599,Fungi,Basidiomycota,Agaricomycetes,Boletales,Boletaceae,Phylloboletellus
600,Fungi,Basidiomycota,Agaricomycetes,Hymenochaetales,Hymenochaetaceae,Phylloporia
601,Fungi,Basidiomycota,Agaricomycetes,Boletales,Boletaceae,Phylloporus
602,Fungi,Basidiomycota,Agaricomycetes,Agaricales,Tricholomataceae,Phyllotopsis
603,Fungi,Basidiomycota,Agaricomycetes,Agaricales,Physalacriaceae,Physalacria
604,Fungi,Basidiomycota,Agaricomycetes,Polyporales,Meripilaceae,Physisporinus
605,Fungi,Basidiomycota,Agaricomycetes,Atheliales,Atheliaceae,Piloderma
606,Fungi,Basidiomycota,Agaricomycetes,Polyporales,Fomitopsidaceae,Piptoporus
607,Fungi,Basidiomycota,Agaricomycetes,Polyporales,Meruliaceae,Pirex
608,Fungi,Basidiomycota,Agaricomycetes,Sebacinales,Sebacinaceae,Piriformospora
609,Fungi,Basidiomycota,Agaricomycetes,Boletales,Sclerodermataceae,Pisolithus
610,Fungi,Basidiomycota,Agaricomycetes,Agaricales,Tricholomataceae,Pleurocollybia
611,Fungi,Basidiomycota,Agaricomycetes,Agaricales,Marasmiaceae,Pleurocybella
612,Fungi,Basidiomycota,Agaricomycetes,Agaricales,Inocybaceae,Pleuroflammula
613,Fungi,Basidiomycota,Agaricomycetes,Russulales,Russulaceae,Pleurogala
614,Fungi,Basidiomycota,Agaricomycetes,Agaricales,Tricholomataceae,Pleurotopsis
615,Fungi,Basidiomycota,Agaricomycetes,Agaricales,Pleurotaceae,Pleurotus
616,Fungi,Basidiomycota,Agaricomycetes,Amylocorticiales,Amylocorticiaceae,Plicaturopsis
617,Fungi,Basidiomycota,Agaricomycetes,Agaricales,Pluteaceae,Pluteus
618,Fungi,Basidiomycota,Agaricomycetes,Agaricales,Agaricaceae,Podaxis
619,Fungi,Basidiomycota,Agaricomycetes,Polyporales,Meruliaceae,Podoscypha
620,Fungi,Basidiomycota,Agaricomycetes,Amylocorticiales,Amylocorticiaceae,Podoserpula
621,Fungi,Basidiomycota,Agaricomycetes,Agaricales,Tricholomataceae,Pogonoloma
622,Fungi,Basidiomycota,Agaricomycetes,Thelephorales,Thelephoraceae,Polyozellus
623,Fungi,Basidiomycota,Agaricomycetes,Russulales,Albatrellaceae,Polyporoletus
624,Fungi,Basidiomycota,Agaricomycetes,Polyporales,Polyporaceae,Polyporus
625,Fungi,Basidiomycota,Agaricomycetes,Russulales,incertae_sedis,Polypus
626,Fungi,Basidiomycota,Agaricomycetes,Agaricales,Physalacriaceae,Ponticulomyces
627,Fungi,Basidiomycota,Agaricomycetes,Hymenochaetales,Hymenochaetaceae,Porodaedalea
628,Fungi,Basidiomycota,Agaricomycetes,Agaricales,Fistulinaceae,Porodisculus
629,Fungi,Basidiomycota,Agaricomycetes,Agaricales,Mycenaceae,Poromycena
630,Fungi,Basidiomycota,Agaricomycetes,Polyporales,Phanerochaetaceae,Porostereum
631,Fungi,Basidiomycota,Agaricomycetes,Agaricales,Porotheleaceae,Porotheleum
632,Fungi,Basidiomycota,Agaricomycetes,Boletales,Boletaceae,Porphyrellus
633,Fungi,Basidiomycota,Agaricomycetes,Agaricales,Tricholomataceae,Porpoloma
634,Fungi,Basidiomycota,Agaricomycetes,Agaricales,Hygrophoraceae,Porpolomopsis
635,Fungi,Basidiomycota,Agaricomycetes,Polyporales,Phanerochaetaceae,Porpomyces
636,Fungi,Basidiomycota,Agaricomycetes,Polyporales,Fomitopsidaceae,Postia
637,Fungi,Basidiomycota,Agaricomycetes,Agaricales,Entolomataceae,Pouzarella
638,Fungi,Basidiomycota,Agaricomycetes,Auriculariales,Hyaloriaceae,Protodontia
639,Fungi,Basidiomycota,Agaricomycetes,Agaricales,Cortinariaceae,Protoglossum
640,Fungi,Basidiomycota,Agaricomycetes,Auriculariales,Hyaloriaceae,Protomerulius
641,Fungi,Basidiomycota,Agaricomycetes,Agaricales,Strophariaceae,Protostropharia
642,Fungi,Basidiomycota,Agaricomycetes,Agaricales,Physalacriaceae,Protoxerula
643,Fungi,Basidiomycota,Agaricomycetes,Hysterangiales,Phallogastraceae,Protubera
644,Fungi,Basidiomycota,Agaricomycetes,Agaricales,Hymenogastraceae,Psathyloma
645,Fungi,Basidiomycota,Agaricomycetes,Agaricales,Psathyrellaceae,Psathyrella
646,Fungi,Basidiomycota,Agaricomycetes,Agaricales,Tricholomataceae,Pseudoarmillariella
647,Fungi,Basidiomycota,Agaricomycetes,Agaricales,Tricholomataceae,Pseudobaeospora
648,Fungi,Basidiomycota,Agaricomycetes,Boletales,Boletaceae,Pseudoboletus
649,Fungi,Basidiomycota,Agaricomycetes,Hymenochaetales,Hymenochaetaceae,Hymenochaetopsis
650,Fungi,Basidiomycota,Agaricomycetes,Agaricales,Tricholomataceae,Pseudoclitocybe
651,Fungi,Basidiomycota,Agaricomycetes,Agaricales,Tricholomataceae,Pseudoclitopilus
652,Fungi,Basidiomycota,Agaricomycetes,Phallales,Phallaceae,Pseudocolus
653,Fungi,Basidiomycota,Agaricomycetes,Polyporales,Polyporaceae,Pseudofavolus
654,Fungi,Basidiomycota,Agaricomycetes,Agaricales,Fistulinaceae,Pseudofistulina
655,Fungi,Basidiomycota,Agaricomycetes,Auriculariales,incertae_sedis,Pseudohydnum
656,Fungi,Basidiomycota,Agaricomycetes,Hymenochaetales,Hymenochaetaceae,Pseudoinonotus
657,Fungi,Basidiomycota,Agaricomycetes,Boletales,Tapinellaceae,Pseudomerulius
658,Fungi,Basidiomycota,Agaricomycetes,Agaricales,Tricholomataceae,Pseudoomphalina
659,Fungi,Basidiomycota,Agaricomycetes,Polyporales,Polyporaceae,Trametes
660,Fungi,Basidiomycota,Agaricomycetes,Agaricales,Tricholomataceae,Pseudotricholoma
661,Fungi,Basidiomycota,Agaricomycetes,Agaricales,Hymenogastraceae,Psilocybe
662,Fungi,Basidiomycota,Agaricomycetes,Agaricales,Pterulaceae,Pterula
663,Fungi,Basidiomycota,Agaricomycetes,Agaricales,Pterulaceae,Pterulicium
664,Fungi,Basidiomycota,Agaricomycetes,Polyporales,Phanerochaetaceae,Terana
665,Fungi,Basidiomycota,Agaricomycetes,Boletales,Boletaceae,Pulveroboletus
666,Fungi,Basidiomycota,Agaricomycetes,Corticiales,Corticiaceae,Punctularia
667,Fungi,Basidiomycota,Agaricomycetes,Corticiales,Corticiaceae,Punctulariopsis
668,Fungi,Basidiomycota,Agaricomycetes,Polyporales,Fomitopsidaceae,Pycnoporellus
669,Fungi,Basidiomycota,Agaricomycetes,Polyporales,Polyporaceae,Pycnoporus
670,Fungi,Basidiomycota,Agaricomycetes,Geastrales,Geastraceae,Schenella
671,Fungi,Basidiomycota,Agaricomycetes,Hymenochaetales,Hymenochaetaceae,Pyrrhoderma
672,Fungi,Basidiomycota,Agaricomycetes,Geastrales,Geastraceae,Radiigera
673,Fungi,Basidiomycota,Agaricomycetes,Polyporales,Meruliaceae,Radulodon
674,Fungi,Basidiomycota,Agaricomycetes,Agaricales,Pterulaceae,Radulomyces
675,Fungi,Basidiomycota,Agaricomycetes,Gomphales,Gomphaceae,Ramaria
676,Fungi,Basidiomycota,Agaricomycetes,Gomphales,Gomphaceae,Ramaricium
677,Fungi,Basidiomycota,Agaricomycetes,Agaricales,Clavariaceae,Ramariopsis
678,Fungi,Basidiomycota,Agaricomycetes,Agaricales,Marasmiaceae,Rectipilus
679,Fungi,Basidiomycota,Agaricomycetes,Cantharellales,Cantharellaceae,Repetobasidium
680,Fungi,Basidiomycota,Agaricomycetes,Hymenochaetales,Rickenellaceae,Resinicium
681,Fungi,Basidiomycota,Agaricomycetes,Agaricales,Mycenaceae,Resinomycena
682,Fungi,Basidiomycota,Agaricomycetes,Agaricales,Tricholomataceae,Resupinatus
683,Fungi,Basidiomycota,Agaricomycetes,Boletales,Boletaceae,Retiboletus
684,Fungi,Basidiomycota,Agaricomycetes,Boletales,Boletaceae,Rheubarbariboletus
685,Fungi,Basidiomycota,Agaricomycetes,Polyporales,Phanerochaetaceae,Rhizochaete
686,Fungi,Basidiomycota,Agaricomycetes,Cantharellales,Ceratobasidiaceae,Rhizoctonia
687,Fungi,Basidiomycota,Agaricomycetes,Agaricales,Tricholomataceae,Rhizocybe
688,Fungi,Basidiomycota,Agaricomycetes,Agaricales,Physalacriaceae,Rhizomarasmius
689,Fungi,Basidiomycota,Agaricomycetes,Boletales,Rhizopogonaceae,Rhizopogon
690,Fungi,Basidiomycota,Agaricomycetes,Agaricales,Omphalotaceae,Rhodocollybia
691,Fungi,Basidiomycota,Agaricomycetes,Agaricales,Entolomataceae,Rhodocybe
692,Fungi,Basidiomycota,Agaricomycetes,Agaricales,Entolomataceae,Rhodophana
693,Fungi,Basidiomycota,Agaricomycetes,Agaricales,Physalacriaceae,Rhodotus
694,Fungi,Basidiomycota,Agaricomycetes,Boletales,Rhizopogonaceae,Rhopalogaster
695,Fungi,Basidiomycota,Agaricomycetes,Agaricales,Entolomataceae,Richoniella
696,Fungi,Basidiomycota,Agaricomycetes,Cantharellales,Cantharellaceae,Rickenella
697,Fungi,Basidiomycota,Agaricomycetes,Polyporales,Meripilaceae,Rigidoporus
698,Fungi,Basidiomycota,Agaricomycetes,Agaricales,Tricholomataceae,Rimbachia
699,Fungi,Basidiomycota,Agaricomycetes,Agaricales,Agaricaceae,Ripartitella
700,Fungi,Basidiomycota,Agaricomycetes,Agaricales,Tricholomataceae,Ripartites
701,Fungi,Basidiomycota,Agaricomycetes,Boletales,Boletaceae,Rossbeevera
702,Fungi,Basidiomycota,Agaricomycetes,Boletales,Boletaceae,Royoungia
703,Fungi,Basidiomycota,Agaricomycetes,Boletales,Boletaceae,Rubinoboletus
704,Fungi,Basidiomycota,Agaricomycetes,Boletales,Boletaceae,Rubroboletus
705,Fungi,Basidiomycota,Agaricomycetes,Agaricales,Lyophyllaceae,Rugosomyces
706,Fungi,Basidiomycota,Agaricomycetes,Russulales,Russulaceae,Russula
707,Fungi,Basidiomycota,Agaricomycetes,Agaricales,Lyophyllaceae,Sagaranella
708,Fungi,Basidiomycota,Agaricomycetes,Hymenochaetales,Hymenochaetaceae,Sanghuangporus
709,Fungi,Basidiomycota,Agaricomycetes,Thelephorales,Bankeraceae,Sarcodon
710,Fungi,Basidiomycota,Agaricomycetes,Polyporales,Meruliaceae,Sarcodontia
711,Fungi,Basidiomycota,Agaricomycetes,Agaricales,Mycenaceae,Sarcomyxa
712,Fungi,Basidiomycota,Agaricomycetes,Geastrales,Geastraceae,Schenella
713,Fungi,Basidiomycota,Agaricomycetes,Agaricales,Schizophyllaceae,Schizophyllum
714,Fungi,Basidiomycota,Agaricomycetes,Hymenochaetales,Schizoporaceae,Schizopora
715,Fungi,Basidiomycota,Agaricomycetes,Agaricales,Agaricaceae,Schizostoma
716,Fungi,Basidiomycota,Agaricomycetes,Boletales,Sclerodermataceae,Scleroderma
717,Fungi,Basidiomycota,Agaricomycetes,Boletales,Sclerogastraceae,Sclerogaster
718,Fungi,Basidiomycota,Agaricomycetes,Atheliales,Atheliaceae,Sclerotium
719,Fungi,Basidiomycota,Agaricomycetes,Polyporales,Meruliaceae,Scopuloides
720,Fungi,Basidiomycota,Agaricomycetes,Trechisporales,Hydnodontaceae,Scytinopogon
721,Fungi,Basidiomycota,Agaricomycetes,Russulales,Lachnocladiaceae,Scytinostroma
722,Fungi,Basidiomycota,Agaricomycetes,Sebacinales,Sebacinaceae,Sebacina
723,Fungi,Basidiomycota,Agaricomycetes,Sebacinales,Sebacinaceae,Serendipita
724,Fungi,Basidiomycota,Agaricomycetes,Boletales,Serpulaceae,Serpula
725,Fungi,Basidiomycota,Agaricomycetes,Phallales,Phallaceae,Lysurus
726,Fungi,Basidiomycota,Agaricomycetes,Agaricales,Inocybaceae,Simocybe
727,Fungi,Basidiomycota,Agaricomycetes,Agaricales,Tricholomataceae,Singerocybe
729,Fungi,Basidiomycota,Agaricomycetes,Cantharellales,Cantharellaceae,Sistotrema
730,Fungi,Basidiomycota,Agaricomycetes,Trechisporales,Hydnodontaceae,Sistotremastrum
731,Fungi,Basidiomycota,Agaricomycetes,Polyporales,Polyporaceae,Skeletocutis
732,Fungi,Basidiomycota,Agaricomycetes,Boletales,Boletaceae,Solioccasus
733,Fungi,Basidiomycota,Agaricomycetes,Polyporales,Sparassidaceae,Sparassis
734,Fungi,Basidiomycota,Agaricomycetes,Polyporales,Polyporaceae,Sparsitubus
735,Fungi,Basidiomycota,Agaricomycetes,Trechisporales,Hydnodontaceae,Sphaerobasidium
736,Fungi,Basidiomycota,Agaricomycetes,Geastrales,Geastraceae,Sphaerobolus
737,Fungi,Basidiomycota,Agaricomycetes,Agaricales,Tricholomataceae,Sphagnurus
738,Fungi,Basidiomycota,Agaricomycetes,Boletales,Boletaceae,Spongiforma
739,Fungi,Basidiomycota,Agaricomycetes,Polyporales,Meruliaceae,Spongipellis
740,Fungi,Basidiomycota,Agaricomycetes,Agaricales,Tricholomataceae,Squamanita
741,Fungi,Basidiomycota,Agaricomycetes,Agaricales,Strophariaceae,Stagnicola
742,Fungi,Basidiomycota,Agaricomycetes,Polyporales,Meruliaceae,Steccherinum
743,Fungi,Basidiomycota,Agaricomycetes,Agaricales,Stephanosporaceae,Stephanospora
744,Fungi,Basidiomycota,Agaricomycetes,Stereopsidales,Stereopsidaceae,Stereopsis
745,Fungi,Basidiomycota,Agaricomycetes,Russulales,Stereaceae,Stereum
746,Fungi,Basidiomycota,Agaricomycetes,Agaricales,Tricholomataceae,Stigmatolemma
747,Fungi,Basidiomycota,Agaricomycetes,Hymenochaetales,Hymenochaetaceae,Stipitochaete
748,Fungi,Basidiomycota,Agaricomycetes,Boletales,Boletaceae,Strobilomyces
749,Fungi,Basidiomycota,Agaricomycetes,Agaricales,Physalacriaceae,Strobilurus
750,Fungi,Basidiomycota,Agaricomycetes,Agaricales,Strophariaceae,Stropharia
751,Fungi,Basidiomycota,Agaricomycetes,Auriculariales,Hyaloriaceae,Stypella
752,Fungi,Basidiomycota,Agaricomycetes,Trechisporales,Hydnodontaceae,Subulicystidium
753,Fungi,Basidiomycota,Agaricomycetes,Boletales,Boletaceae,Suillellus
754,Fungi,Basidiomycota,Agaricomycetes,Boletales,Suillaceae,Suillus
755,Fungi,Basidiomycota,Agaricomycetes,Lepidostromatales,Lepidostromataceae,Sulzbacheromyces
756,Fungi,Basidiomycota,Agaricomycetes,Boletales,Boletaceae,Sutorius
758,Fungi,Basidiomycota,Agaricomycetes,Polyporales,Polyporaceae,Taiwanofungus
759,Fungi,Basidiomycota,Agaricomycetes,Boletales,Tapinellaceae,Tapinella
760,Fungi,Basidiomycota,Agaricomycetes,Agaricales,Mycenaceae,Tectella
761,Fungi,Basidiomycota,Agaricomycetes,Agaricales,Lyophyllaceae,Tephrocybe
762,Fungi,Basidiomycota,Agaricomycetes,Agaricales,Lyophyllaceae,Tephrocybella
763,Fungi,Basidiomycota,Agaricomycetes,Polyporales,Phanerochaetaceae,Terana
764,Fungi,Basidiomycota,Agaricomycetes,Agaricales,Agaricaceae,Termiticola
765,Fungi,Basidiomycota,Agaricomycetes,Agaricales,Lyophyllaceae,Termitomyces
766,Fungi,Basidiomycota,Agaricomycetes,Agaricales,Marasmiaceae,Tetrapyrgos
767,Fungi,Basidiomycota,Agaricomycetes,Cantharellales,Ceratobasidiaceae,Thanatephorus
768,Fungi,Basidiomycota,Agaricomycetes,Agaricales,Cortinariaceae,Thaxterogaster
769,Fungi,Basidiomycota,Agaricomycetes,Thelephorales,Thelephoraceae,Thelephora
770,Fungi,Basidiomycota,Agaricomycetes,Thelephorales,Thelephoraceae,Tomentella
771,Fungi,Basidiomycota,Agaricomycetes,Thelephorales,Thelephoraceae,Tomentellopsis
772,Fungi,Basidiomycota,Agaricomycetes,Agaricales,Amanitaceae,Torrendia
773,Fungi,Basidiomycota,Agaricomycetes,Polyporales,Polyporaceae,Trametes
774,Fungi,Basidiomycota,Agaricomycetes,Polyporales,Polyporaceae,Trametopsis
775,Fungi,Basidiomycota,Agaricomycetes,Hysterangiales,Trappeaceae,Trappea
776,Fungi,Basidiomycota,Agaricomycetes,Trechisporales,Hydnodontaceae,Trechispora
778,Fungi,Basidiomycota,Agaricomycetes,Sebacinales,Sebacinaceae,Tremellodendron
779,Fungi,Basidiomycota,Agaricomycetes,Boletales,Diplocystidiaceae,Tremellogaster
780,Fungi,Basidiomycota,Agaricomycetes,Sebacinales,Sebacinaceae,Tremelloscypha
781,Fungi,Basidiomycota,Agaricomycetes,Auriculariales,Exidiaceae,Tremiscus
782,Fungi,Basidiomycota,Agaricomycetes,Hymenochaetales,incertae_sedis,Trichaptum
783,Fungi,Basidiomycota,Agaricomycetes,Agaricales,Tricholomataceae,Tricholoma
784,Fungi,Basidiomycota,Agaricomycetes,Agaricales,Lyophyllaceae,Tricholomella
785,Fungi,Basidiomycota,Agaricomycetes,Agaricales,Tricholomataceae,Tricholomopsis
786,Fungi,Basidiomycota,Agaricomycetes,Agaricales,Entolomataceae,Entoloma
787,Fungi,Basidiomycota,Agaricomycetes,Agaricales,Marasmiaceae,Trogia
788,Fungi,Basidiomycota,Agaricomycetes,Hymenochaetales,Hymenochaetaceae,Tropicoporus
789,Fungi,Basidiomycota,Agaricomycetes,Boletales,Suillaceae,Truncocolumella
790,Fungi,Basidiomycota,Agaricomycetes,Agaricales,Tubariaceae,Tubaria
791,Fungi,Basidiomycota,Agaricomycetes,Agaricales,Inocybaceae,Tubariomyces
792,Fungi,Basidiomycota,Agaricomycetes,Trechisporales,Hydnodontaceae,Tubulicium
793,Fungi,Basidiomycota,Agaricomycetes,Hymenochaetales,Hymenochaetaceae,Tubulicrinis
794,Fungi,Basidiomycota,Agaricomycetes,Cantharellales,Tulasnellaceae,Tulasnella
795,Fungi,Basidiomycota,Agaricomycetes,Agaricales,Agaricaceae,Tulostoma
796,Fungi,Basidiomycota,Agaricomycetes,Gomphales,Gomphaceae,Turbinellus
797,Fungi,Basidiomycota,Agaricomycetes,Boletales,Boletaceae,Tylopilus
798,Fungi,Basidiomycota,Agaricomycetes,Atheliales,Atheliaceae,Tylospora
799,Fungi,Basidiomycota,Agaricomycetes,Agaricales,Typhulaceae,Typhula
800,Fungi,Basidiomycota,Agaricomycetes,Polyporales,Polyporaceae,Tyromyces
801,Fungi,Basidiomycota,Agaricomycetes,Polyporales,Meruliaceae,Uncobasidium
802,Fungi,Basidiomycota,Agaricomycetes,Russulales,Lachnocladiaceae,Vararia
803,Fungi,Basidiomycota,Agaricomycetes,Gloeophyllales,Gloeophyllaceae,Veluticeps
804,Fungi,Basidiomycota,Agaricomycetes,Agaricales,Agaricaceae,Verrucospora
805,Fungi,Basidiomycota,Agaricomycetes,Agaricales,Pluteaceae,Volvariella
806,Fungi,Basidiomycota,Agaricomycetes,Agaricales,Pluteaceae,Volvopluteus
807,Fungi,Basidiomycota,Agaricomycetes,Corticiales,Corticiaceae,Vuilleminia
808,Fungi,Basidiomycota,Agaricomycetes,Corticiales,Corticiaceae,Waitea
809,Fungi,Basidiomycota,Agaricomycetes,Agaricales,Hymenogastraceae,Weraroa
810,Fungi,Basidiomycota,Agaricomycetes,Agaricales,Niaceae,Woldmaria
811,Fungi,Basidiomycota,Agaricomycetes,Polyporales,Polyporaceae,Wolfiporia
812,Fungi,Basidiomycota,Agaricomycetes,Agaricales,Agaricaceae,Xanthagaricus
813,Fungi,Basidiomycota,Agaricomycetes,Boletales,Boletaceae,Xanthoconium
814,Fungi,Basidiomycota,Agaricomycetes,Hymenochaetales,Hymenochaetaceae,Xanthoporia
815,Fungi,Basidiomycota,Agaricomycetes,Polyporales,Xenasmataceae,Xenasma
816,Fungi,Basidiomycota,Agaricomycetes,Polyporales,Xenasmataceae,Xenasmatella
817,Fungi,Basidiomycota,Agaricomycetes,Russulales,incertae_sedis,Xeroceps
818,Fungi,Basidiomycota,Agaricomycetes,Boletales,Boletaceae,Xerocomellus
819,Fungi,Basidiomycota,Agaricomycetes,Boletales,Boletaceae,Xerocomus
820,Fungi,Basidiomycota,Agaricomycetes,Agaricales,Mycenaceae,Xeromphalina
821,Fungi,Basidiomycota,Agaricomycetes,Agaricales,Physalacriaceae,Xerula
822,Fungi,Basidiomycota,Agaricomycetes,Russulales,Stereaceae,Xylobolus
823,Fungi,Basidiomycota,Agaricomycetes,Boletales,Boletaceae,Zangia
824,Fungi,Basidiomycota,Agaricomycetes,Russulales,Russulaceae,Zelleromyces