,genus,family,order,class
1,Zaglossus,Tachyglossidae,Monotremata,Mammalia
2,Tachyglossus,Tachyglossidae,Monotremata,Mammalia
3,Ornithorhynchus,Ornithorhynchidae,Monotremata,Mammalia
4,Solenodon,Solenodontidae,Eulipotyphla,Mammalia
5,Uropsilus,Talpidae,Eulipotyphla,Mammalia
6,Neurotrichus,Talpidae,Eulipotyphla,Mammalia
7,Galemys,Talpidae,Eulipotyphla,Mammalia
8,Desmana,Talpidae,Eulipotyphla,Mammalia
9,Scaptonyx,Talpidae,Eulipotyphla,Mammalia
10,Urotrichus,Talpidae,Eulipotyphla,Mammalia
11,Dymecodon,Talpidae,Eulipotyphla,Mammalia
12,Talpa,Talpidae,Eulipotyphla,Mammalia
13,Euroscaptor,Talpidae,Eulipotyphla,Mammalia
14,Parascaptor,Talpidae,Eulipotyphla,Mammalia
15,Scaptochirus,Talpidae,Eulipotyphla,Mammalia
16,Mogera,Talpidae,Eulipotyphla,Mammalia
17,Condylura,Talpidae,Eulipotyphla,Mammalia
18,Scapanulus,Talpidae,Eulipotyphla,Mammalia
19,Scalopus,Talpidae,Eulipotyphla,Mammalia
20,Scapanus,Talpidae,Eulipotyphla,Mammalia
21,Parascalops,Talpidae,Eulipotyphla,Mammalia
22,Myosorex,Soricidae,Eulipotyphla,Mammalia
23,Congosorex,Soricidae,Eulipotyphla,Mammalia
24,Suncus,Soricidae,Eulipotyphla,Mammalia
25,Sylvisorex,Soricidae,Eulipotyphla,Mammalia
26,Scutisorex,Soricidae,Eulipotyphla,Mammalia
27,Ruwenzorisorex,Soricidae,Eulipotyphla,Mammalia
28,Feroculus,Soricidae,Eulipotyphla,Mammalia
29,Crocidura,Soricidae,Eulipotyphla,Mammalia
30,Diplomesodon,Soricidae,Eulipotyphla,Mammalia
31,Paracrocidura,Soricidae,Eulipotyphla,Mammalia
32,Solisorex,Soricidae,Eulipotyphla,Mammalia
33,Neomys,Soricidae,Eulipotyphla,Mammalia
34,Episoriculus,Soricidae,Eulipotyphla,Mammalia
35,Soriculus,Soricidae,Eulipotyphla,Mammalia
36,Chodsigoa,Soricidae,Eulipotyphla,Mammalia
37,Nectogale,Soricidae,Eulipotyphla,Mammalia
38,Chimarrogale,Soricidae,Eulipotyphla,Mammalia
39,Surdisorex,Soricidae,Eulipotyphla,Mammalia
40,Megasorex,Soricidae,Eulipotyphla,Mammalia
41,Notiosorex,Soricidae,Eulipotyphla,Mammalia
42,Anourosorex,Soricidae,Eulipotyphla,Mammalia
43,Nesophontes,Nesophontidae,Eulipotyphla,Mammalia
44,Cryptotis,Soricidae,Eulipotyphla,Mammalia
45,Blarina,Soricidae,Eulipotyphla,Mammalia
46,Blarinella,Soricidae,Eulipotyphla,Mammalia
47,Sorex,Soricidae,Eulipotyphla,Mammalia
48,Hylomys,Erinaceidae,Eulipotyphla,Mammalia
49,Neotetracus,Erinaceidae,Eulipotyphla,Mammalia
50,Neohylomys,Erinaceidae,Eulipotyphla,Mammalia
51,Podogymnura,Erinaceidae,Eulipotyphla,Mammalia
52,Echinosorex,Erinaceidae,Eulipotyphla,Mammalia
53,Erinaceus,Erinaceidae,Eulipotyphla,Mammalia
54,Paraechinus,Erinaceidae,Eulipotyphla,Mammalia
55,Mesechinus,Erinaceidae,Eulipotyphla,Mammalia
56,Hemiechinus,Erinaceidae,Eulipotyphla,Mammalia
57,Atelerix,Erinaceidae,Eulipotyphla,Mammalia
58,Hippidion,Equidae,Perissodactyla,Mammalia
59,Equus,Equidae,Perissodactyla,Mammalia
60,Tapirus,Tapiridae,Perissodactyla,Mammalia
61,Rhinoceros,Rhinocerotidae,Perissodactyla,Mammalia
62,Dicerorhinus,Rhinocerotidae,Perissodactyla,Mammalia
63,Coelodonta,Rhinocerotidae,Perissodactyla,Mammalia
64,Diceros,Rhinocerotidae,Perissodactyla,Mammalia
65,Ceratotherium,Rhinocerotidae,Perissodactyla,Mammalia
66,Vicugna,Camelidae,Artiodactyla,Mammalia
67,Lama,Camelidae,Artiodactyla,Mammalia
68,Camelus,Camelidae,Artiodactyla,Mammalia
69,Tayassu,Tayassuidae,Artiodactyla,Mammalia
70,Pecari,Tayassuidae,Artiodactyla,Mammalia
71,Catagonus,Tayassuidae,Artiodactyla,Mammalia
72,Potamochoerus,Suidae,Artiodactyla,Mammalia
73,Porcula,Suidae,Artiodactyla,Mammalia
74,Sus,Suidae,Artiodactyla,Mammalia
75,Phacochoerus,Suidae,Artiodactyla,Mammalia
76,Hylochoerus,Suidae,Artiodactyla,Mammalia
77,Babyrousa,Suidae,Artiodactyla,Mammalia
78,Hippopotamus,Hippopotamidae,Artiodactyla,Mammalia
79,Choeropsis,Hippopotamidae,Artiodactyla,Mammalia
80,Indopacetus,Ziphiidae,Artiodactyla,Mammalia
81,Eubalaena,Balaenidae,Artiodactyla,Mammalia
82,Balaenoptera,Balaenopteridae,Artiodactyla,Mammalia
83,Mesoplodon,Ziphiidae,Artiodactyla,Mammalia
84,Lissodelphis,Delphinidae,Artiodactyla,Mammalia
85,Balaena,Balaenidae,Artiodactyla,Mammalia
86,Caperea,Neobalaenidae,Artiodactyla,Mammalia
87,Eschrichtius,Eschrichtiidae,Artiodactyla,Mammalia
88,Megaptera,Balaenopteridae,Artiodactyla,Mammalia
89,Kogia,Kogiidae,Artiodactyla,Mammalia
90,Physeter,Physeteridae,Artiodactyla,Mammalia
91,Ziphius,Ziphiidae,Artiodactyla,Mammalia
92,Hyperoodon,Ziphiidae,Artiodactyla,Mammalia
93,Tasmacetus,Ziphiidae,Artiodactyla,Mammalia
94,Berardius,Ziphiidae,Artiodactyla,Mammalia
95,Monodon,Monodontidae,Artiodactyla,Mammalia
96,Delphinapterus,Monodontidae,Artiodactyla,Mammalia
97,Phocoenoides,Phocoenidae,Artiodactyla,Mammalia
98,Phocoena,Phocoenidae,Artiodactyla,Mammalia
99,Neophocaena,Phocoenidae,Artiodactyla,Mammalia
100,Lagenorhynchus,Delphinidae,Artiodactyla,Mammalia
101,Orcinus,Delphinidae,Artiodactyla,Mammalia
102,Orcaella,Delphinidae,Artiodactyla,Mammalia
103,Grampus,Delphinidae,Artiodactyla,Mammalia
104,Pseudorca,Delphinidae,Artiodactyla,Mammalia
105,Peponocephala,Delphinidae,Artiodactyla,Mammalia
106,Globicephala,Delphinidae,Artiodactyla,Mammalia
107,Feresa,Delphinidae,Artiodactyla,Mammalia
108,Steno,Delphinidae,Artiodactyla,Mammalia
109,Sotalia,Delphinidae,Artiodactyla,Mammalia
110,Tursiops,Delphinidae,Artiodactyla,Mammalia
111,Stenella,Delphinidae,Artiodactyla,Mammalia
112,Lagenodelphis,Delphinidae,Artiodactyla,Mammalia
113,Sousa,Delphinidae,Artiodactyla,Mammalia
114,Delphinus,Delphinidae,Artiodactyla,Mammalia
115,Cephalorhynchus,Delphinidae,Artiodactyla,Mammalia
116,Inia,Iniidae,Artiodactyla,Mammalia
117,Pontoporia,Pontoporiidae,Artiodactyla,Mammalia
118,Lipotes,Lipotidae,Artiodactyla,Mammalia
119,Platanista,Platanistidae,Artiodactyla,Mammalia
120,Moschiola,Tragulidae,Artiodactyla,Mammalia
121,Tragulus,Tragulidae,Artiodactyla,Mammalia
122,Hyemoschus,Tragulidae,Artiodactyla,Mammalia
123,Okapia,Giraffidae,Artiodactyla,Mammalia
124,Giraffa,Giraffidae,Artiodactyla,Mammalia
125,Antilocapra,Antilocapridae,Artiodactyla,Mammalia
126,Muntiacus,Cervidae,Artiodactyla,Mammalia
127,Elaphodus,Cervidae,Artiodactyla,Mammalia
128,Megaloceros,Cervidae,Artiodactyla,Mammalia
129,Dama,Cervidae,Artiodactyla,Mammalia
130,Rucervus,Cervidae,Artiodactyla,Mammalia
131,Elaphurus,Cervidae,Artiodactyla,Mammalia
132,Rusa,Cervidae,Artiodactyla,Mammalia
133,Cervus,Cervidae,Artiodactyla,Mammalia
134,Axis,Cervidae,Artiodactyla,Mammalia
135,Rangifer,Cervidae,Artiodactyla,Mammalia
136,Pudu,Cervidae,Artiodactyla,Mammalia
137,Mazama,Cervidae,Artiodactyla,Mammalia
138,Ozotoceros,Cervidae,Artiodactyla,Mammalia
139,Hippocamelus,Cervidae,Artiodactyla,Mammalia
140,Blastocerus,Cervidae,Artiodactyla,Mammalia
141,Odocoileus,Cervidae,Artiodactyla,Mammalia
142,Hydropotes,Cervidae,Artiodactyla,Mammalia
143,Capreolus,Cervidae,Artiodactyla,Mammalia
144,Alces,Cervidae,Artiodactyla,Mammalia
145,Moschus,Moschidae,Artiodactyla,Mammalia
146,Bos,Bovidae,Artiodactyla,Mammalia
147,Bison,Bovidae,Artiodactyla,Mammalia
148,Syncerus,Bovidae,Artiodactyla,Mammalia
149,Ammodorcas,Bovidae,Artiodactyla,Mammalia
150,Bubalus,Bovidae,Artiodactyla,Mammalia
151,Pseudoryx,Bovidae,Artiodactyla,Mammalia
152,Tragelaphus,Bovidae,Artiodactyla,Mammalia
153,Tetracerus,Bovidae,Artiodactyla,Mammalia
154,Boselaphus,Bovidae,Artiodactyla,Mammalia
155,Nesotragus,Bovidae,Artiodactyla,Mammalia
156,Neotragus,Bovidae,Artiodactyla,Mammalia
157,Aepyceros,Bovidae,Artiodactyla,Mammalia
158,Pelea,Bovidae,Artiodactyla,Mammalia
159,Redunca,Bovidae,Artiodactyla,Mammalia
160,Kobus,Bovidae,Artiodactyla,Mammalia
161,Procapra,Bovidae,Artiodactyla,Mammalia
162,Ourebia,Bovidae,Artiodactyla,Mammalia
163,Raphicerus,Bovidae,Artiodactyla,Mammalia
164,Madoqua,Bovidae,Artiodactyla,Mammalia
165,Dorcatragus,Bovidae,Artiodactyla,Mammalia
166,Saiga,Bovidae,Artiodactyla,Mammalia
167,Nanger,Bovidae,Artiodactyla,Mammalia
168,Eudorcas,Bovidae,Artiodactyla,Mammalia
169,Gazella,Bovidae,Artiodactyla,Mammalia
170,Antilope,Bovidae,Artiodactyla,Mammalia
171,Litocranius,Bovidae,Artiodactyla,Mammalia
172,Antidorcas,Bovidae,Artiodactyla,Mammalia
173,Oreotragus,Bovidae,Artiodactyla,Mammalia
174,Philantomba,Bovidae,Artiodactyla,Mammalia
175,Cephalophus,Bovidae,Artiodactyla,Mammalia
176,Sylvicapra,Bovidae,Artiodactyla,Mammalia
177,Pantholops,Bovidae,Artiodactyla,Mammalia
178,Ovibos,Bovidae,Artiodactyla,Mammalia
179,Naemorhedus,Bovidae,Artiodactyla,Mammalia
180,Capricornis,Bovidae,Artiodactyla,Mammalia
181,Ovis,Bovidae,Artiodactyla,Mammalia
182,Nilgiritragus,Bovidae,Artiodactyla,Mammalia
183,Hemitragus,Bovidae,Artiodactyla,Mammalia
184,Capra,Bovidae,Artiodactyla,Mammalia
185,Pseudois,Bovidae,Artiodactyla,Mammalia
186,Budorcas,Bovidae,Artiodactyla,Mammalia
187,Myotragus,Bovidae,Artiodactyla,Mammalia
188,Oreamnos,Bovidae,Artiodactyla,Mammalia
189,Rupicapra,Bovidae,Artiodactyla,Mammalia
190,Arabitragus,Bovidae,Artiodactyla,Mammalia
191,Ammotragus,Bovidae,Artiodactyla,Mammalia
192,Connochaetes,Bovidae,Artiodactyla,Mammalia
193,Damaliscus,Bovidae,Artiodactyla,Mammalia
194,Beatragus,Bovidae,Artiodactyla,Mammalia
195,Alcelaphus,Bovidae,Artiodactyla,Mammalia
196,Hippotragus,Bovidae,Artiodactyla,Mammalia
197,Oryx,Bovidae,Artiodactyla,Mammalia
198,Addax,Bovidae,Artiodactyla,Mammalia
199,Arctogalidia,Viverridae,Carnivora,Mammalia
200,Paguma,Viverridae,Carnivora,Mammalia
201,Paradoxurus,Viverridae,Carnivora,Mammalia
202,Arctictis,Viverridae,Carnivora,Mammalia
203,Macrogalidia,Viverridae,Carnivora,Mammalia
204,Diplogale,Viverridae,Carnivora,Mammalia
205,Hemigalus,Viverridae,Carnivora,Mammalia
206,Chrotogale,Viverridae,Carnivora,Mammalia
207,Cynogale,Viverridae,Carnivora,Mammalia
208,Viverricula,Viverridae,Carnivora,Mammalia
209,Civettictis,Viverridae,Carnivora,Mammalia
210,Viverra,Viverridae,Carnivora,Mammalia
211,Genetta,Viverridae,Carnivora,Mammalia
212,Poiana,Viverridae,Carnivora,Mammalia
213,Eupleres,Eupleridae,Carnivora,Mammalia
214,Fossa,Eupleridae,Carnivora,Mammalia
215,Galidictis,Eupleridae,Carnivora,Mammalia
216,Salanoia,Eupleridae,Carnivora,Mammalia
217,Mungotictis,Eupleridae,Carnivora,Mammalia
218,Galidia,Eupleridae,Carnivora,Mammalia
219,Cryptoprocta,Eupleridae,Carnivora,Mammalia
220,Rhynchogale,Herpestidae,Carnivora,Mammalia
221,Herpestes,Herpestidae,Carnivora,Mammalia
222,Bdeogale,Herpestidae,Carnivora,Mammalia
223,Paracynictis,Herpestidae,Carnivora,Mammalia
224,Cynictis,Herpestidae,Carnivora,Mammalia
225,Ichneumia,Herpestidae,Carnivora,Mammalia
226,Atilax,Herpestidae,Carnivora,Mammalia
227,Suricata,Herpestidae,Carnivora,Mammalia
228,Mungos,Herpestidae,Carnivora,Mammalia
229,Dologale,Herpestidae,Carnivora,Mammalia
230,Liberiictis,Herpestidae,Carnivora,Mammalia
231,Crossarchus,Herpestidae,Carnivora,Mammalia
232,Helogale,Herpestidae,Carnivora,Mammalia
233,Hyaena,Hyaenidae,Carnivora,Mammalia
234,Proteles,Hyaenidae,Carnivora,Mammalia
235,Crocuta,Hyaenidae,Carnivora,Mammalia
236,Prionodon,Viverridae,Carnivora,Mammalia
237,Homotherium,Felidae,Carnivora,Mammalia
238,Leptailurus,Felidae,Carnivora,Mammalia
239,Caracal,Felidae,Carnivora,Mammalia
240,Leopardus,Felidae,Carnivora,Mammalia
241,Prionailurus,Felidae,Carnivora,Mammalia
242,Otocolobus,Felidae,Carnivora,Mammalia
243,Felis,Felidae,Carnivora,Mammalia
244,Lynx,Felidae,Carnivora,Mammalia
245,Catopuma,Felidae,Carnivora,Mammalia
246,Pardofelis,Felidae,Carnivora,Mammalia
247,Acinonyx,Felidae,Carnivora,Mammalia
248,Smilodon,Felidae,Carnivora,Mammalia
249,Puma,Felidae,Carnivora,Mammalia
250,Miracinonyx,Felidae,Carnivora,Mammalia
251,Herpailurus,Felidae,Carnivora,Mammalia
252,Panthera,Felidae,Carnivora,Mammalia
253,Neofelis,Felidae,Carnivora,Mammalia
254,Nandinia,Nandiniidae,Carnivora,Mammalia
255,Vulpes,Canidae,Carnivora,Mammalia
256,Urocyon,Canidae,Carnivora,Mammalia
257,Nyctereutes,Canidae,Carnivora,Mammalia
258,Otocyon,Canidae,Carnivora,Mammalia
259,Cerdocyon,Canidae,Carnivora,Mammalia
260,Speothos,Canidae,Carnivora,Mammalia
261,Atelocynus,Canidae,Carnivora,Mammalia
262,Pseudalopex,Canidae,Carnivora,Mammalia
263,Lycaon,Canidae,Carnivora,Mammalia
264,Chrysocyon,Canidae,Carnivora,Mammalia
265,Dusicyon,Canidae,Carnivora,Mammalia
266,Canis,Canidae,Carnivora,Mammalia
267,Cuon,Canidae,Carnivora,Mammalia
268,Ailuropoda,Ursidae,Carnivora,Mammalia
269,Arctodus,Ursidae,Carnivora,Mammalia
270,Tremarctos,Ursidae,Carnivora,Mammalia
271,Ursus,Ursidae,Carnivora,Mammalia
272,Helarctos,Ursidae,Carnivora,Mammalia
273,Melursus,Ursidae,Carnivora,Mammalia
274,Eumetopias,Otariidae,Carnivora,Mammalia
275,Zalophus,Otariidae,Carnivora,Mammalia
276,Otaria,Otariidae,Carnivora,Mammalia
277,Arctocephalus,Otariidae,Carnivora,Mammalia
278,Phocarctos,Otariidae,Carnivora,Mammalia
279,Neophoca,Otariidae,Carnivora,Mammalia
280,Callorhinus,Otariidae,Carnivora,Mammalia
281,Odobenus,Odobenidae,Carnivora,Mammalia
282,Neomonachus,Phocidae,Carnivora,Mammalia
283,Monachus,Phocidae,Carnivora,Mammalia
284,Mirounga,Phocidae,Carnivora,Mammalia
285,Lobodon,Phocidae,Carnivora,Mammalia
286,Leptonychotes,Phocidae,Carnivora,Mammalia
287,Ommatophoca,Phocidae,Carnivora,Mammalia
288,Hydrurga,Phocidae,Carnivora,Mammalia
289,Erignathus,Phocidae,Carnivora,Mammalia
290,Pusa,Phocidae,Carnivora,Mammalia
291,Halichoerus,Phocidae,Carnivora,Mammalia
292,Phoca,Phocidae,Carnivora,Mammalia
293,Pagophilus,Phocidae,Carnivora,Mammalia
294,Histriophoca,Phocidae,Carnivora,Mammalia
295,Cystophora,Phocidae,Carnivora,Mammalia
296,Ailurus,Ailuridae,Carnivora,Mammalia
297,Procyon,Procyonidae,Carnivora,Mammalia
298,Bassariscus,Procyonidae,Carnivora,Mammalia
299,Nasua,Procyonidae,Carnivora,Mammalia
300,Nasuella,Procyonidae,Carnivora,Mammalia
301,Bassaricyon,Procyonidae,Carnivora,Mammalia
302,Potos,Procyonidae,Carnivora,Mammalia
303,Taxidea,Mustelidae,Carnivora,Mammalia
304,Meles,Mustelidae,Carnivora,Mammalia
305,Arctonyx,Mustelidae,Carnivora,Mammalia
306,Melogale,Mustelidae,Carnivora,Mammalia
307,Lyncodon,Mustelidae,Carnivora,Mammalia
308,Galictis,Mustelidae,Carnivora,Mammalia
309,Vormela,Mustelidae,Carnivora,Mammalia
310,Ictonyx,Mustelidae,Carnivora,Mammalia
311,Poecilogale,Mustelidae,Carnivora,Mammalia
312,Pteronura,Mustelidae,Carnivora,Mammalia
313,Lontra,Mustelidae,Carnivora,Mammalia
314,Lutra,Mustelidae,Carnivora,Mammalia
315,Aonyx,Mustelidae,Carnivora,Mammalia
316,Lutrogale,Mustelidae,Carnivora,Mammalia
317,Enhydra,Mustelidae,Carnivora,Mammalia
318,Mustela,Mustelidae,Carnivora,Mammalia
319,Neovison,Mustelidae,Carnivora,Mammalia
320,Gulo,Mustelidae,Carnivora,Mammalia
321,Martes,Mustelidae,Carnivora,Mammalia
322,Eira,Mustelidae,Carnivora,Mammalia
323,Mellivora,Mustelidae,Carnivora,Mammalia
324,Conepatus,Mephitidae,Carnivora,Mammalia
325,Mephitis,Mephitidae,Carnivora,Mammalia
326,Spilogale,Mephitidae,Carnivora,Mammalia
327,Mydaus,Mephitidae,Carnivora,Mammalia
328,Manis,Manidae,Pholidota,Mammalia
329,Smutsia,Manidae,Pholidota,Mammalia
330,Phataginus,Manidae,Pholidota,Mammalia
331,Nycteris,Nycteridae,Chiroptera,Mammalia
332,Taphozous,Emballonuridae,Chiroptera,Mammalia
333,Saccolaimus,Emballonuridae,Chiroptera,Mammalia
334,Balantiopteryx,Emballonuridae,Chiroptera,Mammalia
335,Mosia,Emballonuridae,Chiroptera,Mammalia
336,Cyttarops,Emballonuridae,Chiroptera,Mammalia
337,Diclidurus,Emballonuridae,Chiroptera,Mammalia
338,Peropteryx,Emballonuridae,Chiroptera,Mammalia
339,Cormura,Emballonuridae,Chiroptera,Mammalia
340,Saccopteryx,Emballonuridae,Chiroptera,Mammalia
341,Centronycteris,Emballonuridae,Chiroptera,Mammalia
342,Rhynchonycteris,Emballonuridae,Chiroptera,Mammalia
343,Emballonura,Emballonuridae,Chiroptera,Mammalia
344,Coleura,Emballonuridae,Chiroptera,Mammalia
345,Nyctiellus,Natalidae,Chiroptera,Mammalia
346,Natalus,Natalidae,Chiroptera,Mammalia
347,Chilonatalus,Natalidae,Chiroptera,Mammalia
348,Tomopeas,Molossidae,Chiroptera,Mammalia
349,Myopterus,Molossidae,Chiroptera,Mammalia
350,Platymops,Molossidae,Chiroptera,Mammalia
351,Cheiromeles,Molossidae,Chiroptera,Mammalia
352,Mops,Molossidae,Chiroptera,Mammalia
353,Chaerephon,Molossidae,Chiroptera,Mammalia
354,Tadarida,Molossidae,Chiroptera,Mammalia
355,Molossus,Molossidae,Chiroptera,Mammalia
356,Mormopterus,Molossidae,Chiroptera,Mammalia
357,Nyctinomops,Molossidae,Chiroptera,Mammalia
358,Molossops,Molossidae,Chiroptera,Mammalia
359,Cynomops,Molossidae,Chiroptera,Mammalia
360,Promops,Molossidae,Chiroptera,Mammalia
361,Eumops,Molossidae,Chiroptera,Mammalia
362,Otomops,Molossidae,Chiroptera,Mammalia
363,Sauromys,Molossidae,Chiroptera,Mammalia
364,Pharotis,Vespertilionidae,Chiroptera,Mammalia
365,Cistugo,Vespertilionidae,Chiroptera,Mammalia
366,Eudiscopus,Vespertilionidae,Chiroptera,Mammalia
367,Glauconycteris,Vespertilionidae,Chiroptera,Mammalia
368,Eptesicus,Vespertilionidae,Chiroptera,Mammalia
369,Pipistrellus,Vespertilionidae,Chiroptera,Mammalia
370,Hesperoptenus,Vespertilionidae,Chiroptera,Mammalia
371,Scotoecus,Vespertilionidae,Chiroptera,Mammalia
372,Chalinolobus,Vespertilionidae,Chiroptera,Mammalia
373,Arielulus,Vespertilionidae,Chiroptera,Mammalia
374,Glischropus,Vespertilionidae,Chiroptera,Mammalia
375,Nyctalus,Vespertilionidae,Chiroptera,Mammalia
376,Vespertilio,Vespertilionidae,Chiroptera,Mammalia
377,Nycticeinops,Vespertilionidae,Chiroptera,Mammalia
378,Neoromicia,Vespertilionidae,Chiroptera,Mammalia
379,Laephotis,Vespertilionidae,Chiroptera,Mammalia
380,Hypsugo,Vespertilionidae,Chiroptera,Mammalia
381,Falsistrellus,Vespertilionidae,Chiroptera,Mammalia
382,Nyctophilus,Vespertilionidae,Chiroptera,Mammalia
383,Vespadelus,Vespertilionidae,Chiroptera,Mammalia
384,Philetor,Vespertilionidae,Chiroptera,Mammalia
385,Tylonycteris,Vespertilionidae,Chiroptera,Mammalia
386,Histiotus,Vespertilionidae,Chiroptera,Mammalia
387,Scotomanes,Vespertilionidae,Chiroptera,Mammalia
388,Ia,Vespertilionidae,Chiroptera,Mammalia
389,Lasionycteris,Vespertilionidae,Chiroptera,Mammalia
390,Euderma,Vespertilionidae,Chiroptera,Mammalia
391,Plecotus,Vespertilionidae,Chiroptera,Mammalia
392,Idionycteris,Vespertilionidae,Chiroptera,Mammalia
393,Corynorhinus,Vespertilionidae,Chiroptera,Mammalia
394,Barbastella,Vespertilionidae,Chiroptera,Mammalia
395,Otonycteris,Vespertilionidae,Chiroptera,Mammalia
396,Rhogeessa,Vespertilionidae,Chiroptera,Mammalia
397,Antrozous,Vespertilionidae,Chiroptera,Mammalia
398,Bauerus,Vespertilionidae,Chiroptera,Mammalia
399,Lasiurus,Vespertilionidae,Chiroptera,Mammalia
400,Parastrellus,Vespertilionidae,Chiroptera,Mammalia
401,Scotophilus,Vespertilionidae,Chiroptera,Mammalia
402,Nycticeius,Vespertilionidae,Chiroptera,Mammalia
403,Kerivoula,Vespertilionidae,Chiroptera,Mammalia
404,Scotorepens,Vespertilionidae,Chiroptera,Mammalia
405,Eudiscoderma,Megadermatidae,Chiroptera,Mammalia
406,Harpiocephalus,Vespertilionidae,Chiroptera,Mammalia
407,Mimetillus,Vespertilionidae,Chiroptera,Mammalia
408,Phoniscus,Vespertilionidae,Chiroptera,Mammalia
409,Murina,Vespertilionidae,Chiroptera,Mammalia
410,Harpiola,Vespertilionidae,Chiroptera,Mammalia
411,Scoteanax,Vespertilionidae,Chiroptera,Mammalia
412,Scotozous,Vespertilionidae,Chiroptera,Mammalia
413,Submyotodon,Vespertilionidae,Chiroptera,Mammalia
414,Myotis,Vespertilionidae,Chiroptera,Mammalia
415,Miniopterus,Vespertilionidae,Chiroptera,Mammalia
416,Myzopoda,Myzopodidae,Chiroptera,Mammalia
417,Thyroptera,Thyropteridae,Chiroptera,Mammalia
418,Noctilio,Noctilionidae,Chiroptera,Mammalia
419,Furipterus,Furipteridae,Chiroptera,Mammalia
420,Amorphochilus,Furipteridae,Chiroptera,Mammalia
421,Vampyrum,Phyllostomidae,Chiroptera,Mammalia
422,Chrotopterus,Phyllostomidae,Chiroptera,Mammalia
423,Lophostoma,Phyllostomidae,Chiroptera,Mammalia
424,Phyllostomus,Phyllostomidae,Chiroptera,Mammalia
425,Tonatia,Phyllostomidae,Chiroptera,Mammalia
426,Phylloderma,Phyllostomidae,Chiroptera,Mammalia
427,Mimon,Phyllostomidae,Chiroptera,Mammalia
428,Macrophyllum,Phyllostomidae,Chiroptera,Mammalia
429,Lonchorhina,Phyllostomidae,Chiroptera,Mammalia
430,Trachops,Phyllostomidae,Chiroptera,Mammalia
431,Carollia,Phyllostomidae,Chiroptera,Mammalia
432,Glyphonycteris,Phyllostomidae,Chiroptera,Mammalia
433,Trinycteris,Phyllostomidae,Chiroptera,Mammalia
434,Rhinophylla,Phyllostomidae,Chiroptera,Mammalia
435,Uroderma,Phyllostomidae,Chiroptera,Mammalia
436,Vampyressa,Phyllostomidae,Chiroptera,Mammalia
437,Mesophylla,Phyllostomidae,Chiroptera,Mammalia
438,Platyrrhinus,Phyllostomidae,Chiroptera,Mammalia
439,Vampyrodes,Phyllostomidae,Chiroptera,Mammalia
440,Chiroderma,Phyllostomidae,Chiroptera,Mammalia
441,Enchisthenes,Phyllostomidae,Chiroptera,Mammalia
442,Ectophylla,Phyllostomidae,Chiroptera,Mammalia
443,Ariteus,Phyllostomidae,Chiroptera,Mammalia
444,Ardops,Phyllostomidae,Chiroptera,Mammalia
445,Phyllops,Phyllostomidae,Chiroptera,Mammalia
446,Stenoderma,Phyllostomidae,Chiroptera,Mammalia
447,Ametrida,Phyllostomidae,Chiroptera,Mammalia
448,Pygoderma,Phyllostomidae,Chiroptera,Mammalia
449,Centurio,Phyllostomidae,Chiroptera,Mammalia
450,Sphaeronycteris,Phyllostomidae,Chiroptera,Mammalia
451,Artibeus,Phyllostomidae,Chiroptera,Mammalia
452,Dermanura,Phyllostomidae,Chiroptera,Mammalia
453,Sturnira,Phyllostomidae,Chiroptera,Mammalia
454,Lonchophylla,Phyllostomidae,Chiroptera,Mammalia
455,Lionycteris,Phyllostomidae,Chiroptera,Mammalia
456,Hsunycteris,Phyllostomidae,Chiroptera,Mammalia
457,Xeronycteris,Phyllostomidae,Chiroptera,Mammalia
458,Platalina,Phyllostomidae,Chiroptera,Mammalia
459,Leptonycteris,Phyllostomidae,Chiroptera,Mammalia
460,Glossophaga,Phyllostomidae,Chiroptera,Mammalia
461,Monophyllus,Phyllostomidae,Chiroptera,Mammalia
462,Brachyphylla,Phyllostomidae,Chiroptera,Mammalia
463,Erophylla,Phyllostomidae,Chiroptera,Mammalia
464,Phyllonycteris,Phyllostomidae,Chiroptera,Mammalia
465,Musonycteris,Phyllostomidae,Chiroptera,Mammalia
466,Choeronycteris,Phyllostomidae,Chiroptera,Mammalia
467,Choeroniscus,Phyllostomidae,Chiroptera,Mammalia
468,Lichonycteris,Phyllostomidae,Chiroptera,Mammalia
469,Hylonycteris,Phyllostomidae,Chiroptera,Mammalia
470,Anoura,Phyllostomidae,Chiroptera,Mammalia
471,Lampronycteris,Phyllostomidae,Chiroptera,Mammalia
472,Micronycteris,Phyllostomidae,Chiroptera,Mammalia
473,Scleronycteris,Phyllostomidae,Chiroptera,Mammalia
474,Diphylla,Phyllostomidae,Chiroptera,Mammalia
475,Neonycteris,Phyllostomidae,Chiroptera,Mammalia
476,Dryadonycteris,Phyllostomidae,Chiroptera,Mammalia
477,Diaemus,Phyllostomidae,Chiroptera,Mammalia
478,Desmodus,Phyllostomidae,Chiroptera,Mammalia
479,Macrotus,Phyllostomidae,Chiroptera,Mammalia
480,Mormoops,Mormoopidae,Chiroptera,Mammalia
481,Pteronotus,Mormoopidae,Chiroptera,Mammalia
482,Mystacina,Mystacinidae,Chiroptera,Mammalia
483,Rhinopoma,Rhinopomatidae,Chiroptera,Mammalia
484,Craseonycteris,Craseonycteridae,Chiroptera,Mammalia
485,Lavia,Megadermatidae,Chiroptera,Mammalia
486,Megaderma,Megadermatidae,Chiroptera,Mammalia
487,Macroderma,Megadermatidae,Chiroptera,Mammalia
488,Cardioderma,Megadermatidae,Chiroptera,Mammalia
489,Rhinolophus,Rhinolophidae,Chiroptera,Mammalia
490,Rhinonicteris,Rhinonycteridae,Chiroptera,Mammalia
491,Triaenops,Rhinonycteridae,Chiroptera,Mammalia
492,Cloeotis,Rhinonycteridae,Chiroptera,Mammalia
493,Paratriaenops,Rhinonycteridae,Chiroptera,Mammalia
494,Paracoelops,Hipposideridae,Chiroptera,Mammalia
495,Anthops,Hipposideridae,Chiroptera,Mammalia
496,Hipposideros,Hipposideridae,Chiroptera,Mammalia
497,Coelops,Hipposideridae,Chiroptera,Mammalia
498,Aselliscus,Hipposideridae,Chiroptera,Mammalia
499,Asellia,Hipposideridae,Chiroptera,Mammalia
500,Syconycteris,Pteropodidae,Chiroptera,Mammalia
501,Macroglossus,Pteropodidae,Chiroptera,Mammalia
502,Harpyionycteris,Pteropodidae,Chiroptera,Mammalia
503,Rousettus,Pteropodidae,Chiroptera,Mammalia
504,Dobsonia,Pteropodidae,Chiroptera,Mammalia
505,Nyctimene,Pteropodidae,Chiroptera,Mammalia
506,Paranyctimene,Pteropodidae,Chiroptera,Mammalia
507,Eidolon,Pteropodidae,Chiroptera,Mammalia
508,Pteralopex,Pteropodidae,Chiroptera,Mammalia
509,Mirimiri,Pteropodidae,Chiroptera,Mammalia
510,Desmalopex,Pteropodidae,Chiroptera,Mammalia
511,Melonycteris,Pteropodidae,Chiroptera,Mammalia
512,Styloctenium,Pteropodidae,Chiroptera,Mammalia
513,Pteropus,Pteropodidae,Chiroptera,Mammalia
514,Acerodon,Pteropodidae,Chiroptera,Mammalia
515,Scotonycteris,Pteropodidae,Chiroptera,Mammalia
516,Casinycteris,Pteropodidae,Chiroptera,Mammalia
517,Eonycteris,Pteropodidae,Chiroptera,Mammalia
518,Myonycteris,Pteropodidae,Chiroptera,Mammalia
519,Megaloglossus,Pteropodidae,Chiroptera,Mammalia
520,Epomops,Pteropodidae,Chiroptera,Mammalia
521,Epomophorus,Pteropodidae,Chiroptera,Mammalia
522,Micropteropus,Pteropodidae,Chiroptera,Mammalia
523,Nanonycteris,Pteropodidae,Chiroptera,Mammalia
524,Hypsignathus,Pteropodidae,Chiroptera,Mammalia
525,Ptenochirus,Pteropodidae,Chiroptera,Mammalia
526,Megaerops,Pteropodidae,Chiroptera,Mammalia
527,Cynopterus,Pteropodidae,Chiroptera,Mammalia
528,Dyacopterus,Pteropodidae,Chiroptera,Mammalia
529,Neopteryx,Pteropodidae,Chiroptera,Mammalia
530,Thoopterus,Pteropodidae,Chiroptera,Mammalia
531,Aproteles,Pteropodidae,Chiroptera,Mammalia
532,Otopteropus,Pteropodidae,Chiroptera,Mammalia
533,Haplonycteris,Pteropodidae,Chiroptera,Mammalia
534,Plerotes,Pteropodidae,Chiroptera,Mammalia
535,Alionycteris,Pteropodidae,Chiroptera,Mammalia
536,Penthetor,Pteropodidae,Chiroptera,Mammalia
537,Chironax,Pteropodidae,Chiroptera,Mammalia
538,Balionycteris,Pteropodidae,Chiroptera,Mammalia
539,Notopteris,Pteropodidae,Chiroptera,Mammalia
540,Aethalops,Pteropodidae,Chiroptera,Mammalia
541,Sphaerias,Pteropodidae,Chiroptera,Mammalia
542,Latidens,Pteropodidae,Chiroptera,Mammalia
543,Galeopterus,Cynocephalidae,Dermoptera,Mammalia
544,Cynocephalus,Cynocephalidae,Dermoptera,Mammalia
545,Ptilocercus,Ptilocercidae,Scandentia,Mammalia
546,Dendrogale,Tupaiidae,Scandentia,Mammalia
547,Tupaia,Tupaiidae,Scandentia,Mammalia
548,Urogale,Tupaiidae,Scandentia,Mammalia
549,Anathana,Tupaiidae,Scandentia,Mammalia
550,Nycticebus,Lorisidae,Primates,Mammalia
551,Loris,Lorisidae,Primates,Mammalia
552,Galagoides,Galagidae,Primates,Mammalia
553,Galago,Galagidae,Primates,Mammalia
554,Sciurocheirus,Galagidae,Primates,Mammalia
555,Otolemur,Galagidae,Primates,Mammalia
556,Euoticus,Galagidae,Primates,Mammalia
557,Perodicticus,Lorisidae,Primates,Mammalia
558,Arctocebus,Lorisidae,Primates,Mammalia
559,Daubentonia,Daubentoniidae,Primates,Mammalia
560,Indri,Indriidae,Primates,Mammalia
561,Propithecus,Indriidae,Primates,Mammalia
562,Avahi,Indriidae,Primates,Mammalia
563,Palaeopropithecus,Paleopropithecidae,Primates,Mammalia
564,Archaeolemur,Indriidae,Primates,Mammalia
565,Megaladapis,Lepilemuridae,Primates,Mammalia
566,Varecia,Lemuridae,Primates,Mammalia
567,Lemur,Lemuridae,Primates,Mammalia
568,Prolemur,Lemuridae,Primates,Mammalia
569,Hapalemur,Lemuridae,Primates,Mammalia
570,Eulemur,Lemuridae,Primates,Mammalia
571,Phaner,Cheirogaleidae,Primates,Mammalia
572,Lepilemur,Lepilemuridae,Primates,Mammalia
573,Cheirogaleus,Cheirogaleidae,Primates,Mammalia
574,Mirza,Cheirogaleidae,Primates,Mammalia
575,Microcebus,Cheirogaleidae,Primates,Mammalia
576,Allocebus,Cheirogaleidae,Primates,Mammalia
577,Tarsius,Tarsiidae,Primates,Mammalia
578,Callicebus,Pitheciidae,Primates,Mammalia
579,Pithecia,Pitheciidae,Primates,Mammalia
580,Chiropotes,Pitheciidae,Primates,Mammalia
581,Cacajao,Pitheciidae,Primates,Mammalia
582,Xenothrix,Pitheciidae,Primates,Mammalia
583,Saguinus,Cebidae,Primates,Mammalia
584,Leontocebus,Cebidae,Primates,Mammalia
585,Mico,Cebidae,Primates,Mammalia
586,Callithrix,Cebidae,Primates,Mammalia
587,Cebuella,Cebidae,Primates,Mammalia
588,Callimico,Cebidae,Primates,Mammalia
589,Callibella,Cebidae,Primates,Mammalia
590,Leontopithecus,Cebidae,Primates,Mammalia
591,Saimiri,Cebidae,Primates,Mammalia
592,Sapajus,Cebidae,Primates,Mammalia
593,Cebus,Cebidae,Primates,Mammalia
594,Aotus,Aotidae,Primates,Mammalia
595,Ateles,Atelidae,Primates,Mammalia
596,Brachyteles,Atelidae,Primates,Mammalia
597,Lagothrix,Atelidae,Primates,Mammalia
598,Alouatta,Atelidae,Primates,Mammalia
599,Oreonax,Atelidae,Primates,Mammalia
600,Symphalangus,Hylobatidae,Primates,Mammalia
601,Hylobates,Hylobatidae,Primates,Mammalia
602,Nomascus,Hylobatidae,Primates,Mammalia
603,Hoolock,Hylobatidae,Primates,Mammalia
604,Pongo,Hominidae,Primates,Mammalia
605,Pan,Hominidae,Primates,Mammalia
606,Homo,Hominidae,Primates,Mammalia
607,Gorilla,Hominidae,Primates,Mammalia
608,Semnopithecus,Cercopithecidae,Primates,Mammalia
609,Trachypithecus,Cercopithecidae,Primates,Mammalia
610,Presbytis,Cercopithecidae,Primates,Mammalia
611,Rhinopithecus,Cercopithecidae,Primates,Mammalia
612,Pygathrix,Cercopithecidae,Primates,Mammalia
613,Simias,Cercopithecidae,Primates,Mammalia
614,Nasalis,Cercopithecidae,Primates,Mammalia
615,Procolobus,Cercopithecidae,Primates,Mammalia
616,Colobus,Cercopithecidae,Primates,Mammalia
617,Macaca,Cercopithecidae,Primates,Mammalia
618,Cercocebus,Cercopithecidae,Primates,Mammalia
619,Lophocebus,Cercopithecidae,Primates,Mammalia
620,Mandrillus,Cercopithecidae,Primates,Mammalia
621,Theropithecus,Cercopithecidae,Primates,Mammalia
622,Papio,Cercopithecidae,Primates,Mammalia
623,Rungwecebus,Cercopithecidae,Primates,Mammalia
624,Cercopithecus,Cercopithecidae,Primates,Mammalia
625,Erythrocebus,Cercopithecidae,Primates,Mammalia
626,Chlorocebus,Cercopithecidae,Primates,Mammalia
627,Miopithecus,Cercopithecidae,Primates,Mammalia
628,Allenopithecus,Cercopithecidae,Primates,Mammalia
629,Glirulus,Gliridae,Rodentia,Mammalia
630,Glis,Gliridae,Rodentia,Mammalia
631,Muscardinus,Gliridae,Rodentia,Mammalia
632,Selevinia,Gliridae,Rodentia,Mammalia
633,Myomimus,Gliridae,Rodentia,Mammalia
634,Chaetocauda,Gliridae,Rodentia,Mammalia
635,Dryomys,Gliridae,Rodentia,Mammalia
636,Eliomys,Gliridae,Rodentia,Mammalia
637,Graphiurus,Gliridae,Rodentia,Mammalia
638,Aplodontia,Aplodontiidae,Rodentia,Mammalia
639,Ratufa,Sciuridae,Rodentia,Mammalia
640,Sciurillus,Sciuridae,Rodentia,Mammalia
641,Funambulus,Sciuridae,Rodentia,Mammalia
642,Exilisciurus,Sciuridae,Rodentia,Mammalia
643,Lariscus,Sciuridae,Rodentia,Mammalia
644,Menetes,Sciuridae,Rodentia,Mammalia
645,Rhinosciurus,Sciuridae,Rodentia,Mammalia
646,Tamiops,Sciuridae,Rodentia,Mammalia
647,Dremomys,Sciuridae,Rodentia,Mammalia
648,Nannosciurus,Sciuridae,Rodentia,Mammalia
649,Prosciurillus,Sciuridae,Rodentia,Mammalia
650,Rubrisciurus,Sciuridae,Rodentia,Mammalia
651,Hyosciurus,Sciuridae,Rodentia,Mammalia
652,Glyphotes,Sciuridae,Rodentia,Mammalia
653,Callosciurus,Sciuridae,Rodentia,Mammalia
654,Sundasciurus,Sciuridae,Rodentia,Mammalia
655,Spermophilopsis,Sciuridae,Rodentia,Mammalia
656,Xerus,Sciuridae,Rodentia,Mammalia
657,Atlantoxerus,Sciuridae,Rodentia,Mammalia
658,Sciurotamias,Sciuridae,Rodentia,Mammalia
659,Myosciurus,Sciuridae,Rodentia,Mammalia
660,Funisciurus,Sciuridae,Rodentia,Mammalia
661,Paraxerus,Sciuridae,Rodentia,Mammalia
662,Heliosciurus,Sciuridae,Rodentia,Mammalia
663,Protoxerus,Sciuridae,Rodentia,Mammalia
664,Epixerus,Sciuridae,Rodentia,Mammalia
665,Tamias,Sciuridae,Rodentia,Mammalia
666,Spermophilus,Sciuridae,Rodentia,Mammalia
667,Urocitellus,Sciuridae,Rodentia,Mammalia
668,Ictidomys,Sciuridae,Rodentia,Mammalia
669,Poliocitellus,Sciuridae,Rodentia,Mammalia
670,Xerospermophilus,Sciuridae,Rodentia,Mammalia
671,Cynomys,Sciuridae,Rodentia,Mammalia
672,Marmota,Sciuridae,Rodentia,Mammalia
673,Otospermophilus,Sciuridae,Rodentia,Mammalia
674,Callospermophilus,Sciuridae,Rodentia,Mammalia
675,Notocitellus,Sciuridae,Rodentia,Mammalia
676,Ammospermophilus,Sciuridae,Rodentia,Mammalia
677,Microsciurus,Sciuridae,Rodentia,Mammalia
678,Sciurus,Sciuridae,Rodentia,Mammalia
679,Rheithrosciurus,Sciuridae,Rodentia,Mammalia
680,Syntheosciurus,Sciuridae,Rodentia,Mammalia
681,Tamiasciurus,Sciuridae,Rodentia,Mammalia
682,Hylopetes,Sciuridae,Rodentia,Mammalia
683,Petinomys,Sciuridae,Rodentia,Mammalia
684,Petaurillus,Sciuridae,Rodentia,Mammalia
685,Iomys,Sciuridae,Rodentia,Mammalia
686,Glaucomys,Sciuridae,Rodentia,Mammalia
687,Eoglaucomys,Sciuridae,Rodentia,Mammalia
688,Eupetaurus,Sciuridae,Rodentia,Mammalia
689,Aeromys,Sciuridae,Rodentia,Mammalia
690,Belomys,Sciuridae,Rodentia,Mammalia
691,Trogopterus,Sciuridae,Rodentia,Mammalia
692,Aeretes,Sciuridae,Rodentia,Mammalia
693,Biswamoyopterus,Sciuridae,Rodentia,Mammalia
694,Pteromyscus,Sciuridae,Rodentia,Mammalia
695,Pteromys,Sciuridae,Rodentia,Mammalia
696,Petaurista,Sciuridae,Rodentia,Mammalia
697,Laonastes,Laonastidae,Rodentia,Mammalia
698,Ctenodactylus,Ctenodactylidae,Rodentia,Mammalia
699,Massoutiera,Ctenodactylidae,Rodentia,Mammalia
700,Felovia,Ctenodactylidae,Rodentia,Mammalia
701,Pectinator,Ctenodactylidae,Rodentia,Mammalia
702,Trichys,Hystricidae,Rodentia,Mammalia
703,Atherurus,Hystricidae,Rodentia,Mammalia
704,Hystrix,Hystricidae,Rodentia,Mammalia
705,Thryonomys,Thryonomyidae,Rodentia,Mammalia
706,Petromus,Petromuridae,Rodentia,Mammalia
707,Heterocephalus,Bathyergidae,Rodentia,Mammalia
708,Heliophobius,Bathyergidae,Rodentia,Mammalia
709,Fukomys,Bathyergidae,Rodentia,Mammalia
710,Cryptomys,Bathyergidae,Rodentia,Mammalia
711,Georychus,Bathyergidae,Rodentia,Mammalia
712,Bathyergus,Bathyergidae,Rodentia,Mammalia
713,Cuniculus,Cuniculidae,Rodentia,Mammalia
714,Myoprocta,Dasyproctidae,Rodentia,Mammalia
715,Dasyprocta,Dasyproctidae,Rodentia,Mammalia
716,Kerodon,Caviidae,Rodentia,Mammalia
717,Hydrochoerus,Hydrochaeridae,Rodentia,Mammalia
718,Dolichotis,Caviidae,Rodentia,Mammalia
719,Galea,Caviidae,Rodentia,Mammalia
720,Microcavia,Caviidae,Rodentia,Mammalia
721,Cavia,Caviidae,Rodentia,Mammalia
722,Erethizon,Erethizontidae,Rodentia,Mammalia
723,Coendou,Erethizontidae,Rodentia,Mammalia
724,Chaetomys,Erethizontidae,Rodentia,Mammalia
725,Dinomys,Dinomyidae,Rodentia,Mammalia
726,Lagostomus,Chinchillidae,Rodentia,Mammalia
727,Lagidium,Chinchillidae,Rodentia,Mammalia
728,Chinchilla,Chinchillidae,Rodentia,Mammalia
729,Isothrix,Echimyidae,Rodentia,Mammalia
730,Myocastor,Myocastoridae,Rodentia,Mammalia
731,Olallamys,Echimyidae,Rodentia,Mammalia
732,Kannabateomys,Echimyidae,Rodentia,Mammalia
733,Dactylomys,Echimyidae,Rodentia,Mammalia
734,Santamartamys,Echimyidae,Rodentia,Mammalia
735,Diplomys,Echimyidae,Rodentia,Mammalia
736,Toromys,Echimyidae,Rodentia,Mammalia
737,Pattonomys,Echimyidae,Rodentia,Mammalia
738,Echimys,Echimyidae,Rodentia,Mammalia
739,Phyllomys,Echimyidae,Rodentia,Mammalia
740,Makalata,Echimyidae,Rodentia,Mammalia
741,Lonchothrix,Echimyidae,Rodentia,Mammalia
742,Trinomys,Echimyidae,Rodentia,Mammalia
743,Mesomys,Echimyidae,Rodentia,Mammalia
744,Thrichomys,Echimyidae,Rodentia,Mammalia
745,Hoplomys,Echimyidae,Rodentia,Mammalia
746,Proechimys,Echimyidae,Rodentia,Mammalia
747,Callistomys,Echimyidae,Rodentia,Mammalia
748,Clyomys,Echimyidae,Rodentia,Mammalia
749,Euryzygomatomys,Echimyidae,Rodentia,Mammalia
750,Carterodon,Echimyidae,Rodentia,Mammalia
751,Heteropsomys,Echimyidae,Rodentia,Mammalia
752,Isolobodon,Capromyidae,Rodentia,Mammalia
753,Geocapromys,Capromyidae,Rodentia,Mammalia
754,Boromys,Echimyidae,Rodentia,Mammalia
755,Hexolobodon,Capromyidae,Rodentia,Mammalia
756,Capromys,Capromyidae,Rodentia,Mammalia
757,Brotomys,Echimyidae,Rodentia,Mammalia
758,Mysateles,Capromyidae,Rodentia,Mammalia
759,Mesocapromys,Capromyidae,Rodentia,Mammalia
760,Plagiodontia,Capromyidae,Rodentia,Mammalia
761,Ctenomys,Ctenomyidae,Rodentia,Mammalia
762,Tympanoctomys,Octodontidae,Rodentia,Mammalia
763,Pipanacoctomys,Octodontidae,Rodentia,Mammalia
764,Octomys,Octodontidae,Rodentia,Mammalia
765,Octodontomys,Ctenomyidae,Rodentia,Mammalia
766,Octodon,Octodontidae,Rodentia,Mammalia
767,Spalacopus,Octodontidae,Rodentia,Mammalia
768,Aconaemys,Octodontidae,Rodentia,Mammalia
769,Abrocoma,Abrocomidae,Rodentia,Mammalia
770,Cuscomys,Abrocomidae,Rodentia,Mammalia
771,Pedetes,Pedetidae,Rodentia,Mammalia
772,Anomalurus,Anomaluridae,Rodentia,Mammalia
773,Idiurus,Anomaluridae,Rodentia,Mammalia
774,Zenkerella,Anomaluridae,Rodentia,Mammalia
775,Spalax,Spalacidae,Rodentia,Mammalia
776,Myospalax,Spalacidae,Rodentia,Mammalia
777,Eospalax,Spalacidae,Rodentia,Mammalia
778,Tachyoryctes,Spalacidae,Rodentia,Mammalia
779,Rhizomys,Spalacidae,Rodentia,Mammalia
780,Cannomys,Spalacidae,Rodentia,Mammalia
781,Lophiomys,Muridae,Rodentia,Mammalia
782,Desmodilliscus,Muridae,Rodentia,Mammalia
783,Pachyuromys,Muridae,Rodentia,Mammalia
784,Meriones,Muridae,Rodentia,Mammalia
785,Brachiones,Muridae,Rodentia,Mammalia
786,Rhombomys,Muridae,Rodentia,Mammalia
787,Psammomys,Muridae,Rodentia,Mammalia
788,Taterillus,Muridae,Rodentia,Mammalia
789,Gerbillus,Muridae,Rodentia,Mammalia
790,Ammodillus,Muridae,Rodentia,Mammalia
791,Sekeetamys,Muridae,Rodentia,Mammalia
792,Microdillus,Muridae,Rodentia,Mammalia
793,Gerbillurus,Muridae,Rodentia,Mammalia
794,Gerbilliscus,Muridae,Rodentia,Mammalia
795,Desmodillus,Muridae,Rodentia,Mammalia
796,Tatera,Muridae,Rodentia,Mammalia
797,Uranomys,Muridae,Rodentia,Mammalia
798,Deomys,Muridae,Rodentia,Mammalia
799,Leimacomys,Muridae,Rodentia,Mammalia
800,Acomys,Muridae,Rodentia,Mammalia
801,Lophuromys,Muridae,Rodentia,Mammalia
802,Musseromys,Muridae,Rodentia,Mammalia
803,Coryphomys,Muridae,Rodentia,Mammalia
804,Carpomys,Muridae,Rodentia,Mammalia
805,Baiyankamys,Muridae,Rodentia,Mammalia
806,Lenomys,Muridae,Rodentia,Mammalia
807,Nilopegamys,Muridae,Rodentia,Mammalia
808,Batomys,Muridae,Rodentia,Mammalia
809,Crateromys,Muridae,Rodentia,Mammalia
810,Phloeomys,Muridae,Rodentia,Mammalia
811,Kadarsanomys,Muridae,Rodentia,Mammalia
812,Haeromys,Muridae,Rodentia,Mammalia
813,Vernaya,Muridae,Rodentia,Mammalia
814,Sommeromys,Muridae,Rodentia,Mammalia
815,Diomys,Muridae,Rodentia,Mammalia
816,Micromys,Muridae,Rodentia,Mammalia
817,Maxomys,Muridae,Rodentia,Mammalia
818,Crunomys,Muridae,Rodentia,Mammalia
819,Melasmothrix,Muridae,Rodentia,Mammalia
820,Nesoromys,Muridae,Rodentia,Mammalia
821,Paucidentomys,Muridae,Rodentia,Mammalia
822,Xenuromys,Muridae,Rodentia,Mammalia
823,Waiomys,Muridae,Rodentia,Mammalia
824,Paraleptomys,Muridae,Rodentia,Mammalia
825,Saxatilomys,Muridae,Rodentia,Mammalia
826,Tonkinomys,Muridae,Rodentia,Mammalia
827,Echiothrix,Muridae,Rodentia,Mammalia
828,Mirzamys,Muridae,Rodentia,Mammalia
829,Leopoldamys,Muridae,Rodentia,Mammalia
830,Dacnomys,Muridae,Rodentia,Mammalia
831,Niviventer,Muridae,Rodentia,Mammalia
832,Chiromyscus,Muridae,Rodentia,Mammalia
833,Margaretamys,Muridae,Rodentia,Mammalia
834,Palawanomys,Muridae,Rodentia,Mammalia
835,Srilankamys,Muridae,Rodentia,Mammalia
836,Rattus,Muridae,Rodentia,Mammalia
837,Bunomys,Muridae,Rodentia,Mammalia
838,Paruromys,Muridae,Rodentia,Mammalia
839,Taeromys,Muridae,Rodentia,Mammalia
840,Halmaheramys,Muridae,Rodentia,Mammalia
841,Sundamys,Muridae,Rodentia,Mammalia
842,Bandicota,Muridae,Rodentia,Mammalia
843,Bullimus,Muridae,Rodentia,Mammalia
844,Diplothrix,Muridae,Rodentia,Mammalia
845,Tarsomys,Muridae,Rodentia,Mammalia
846,Limnomys,Muridae,Rodentia,Mammalia
847,Nesokia,Muridae,Rodentia,Mammalia
848,Berylmys,Muridae,Rodentia,Mammalia
849,Otomys,Muridae,Rodentia,Mammalia
850,Parotomys,Muridae,Rodentia,Mammalia
851,Oenomys,Muridae,Rodentia,Mammalia
852,Stochomys,Muridae,Rodentia,Mammalia
853,Hybomys,Muridae,Rodentia,Mammalia
854,Desmomys,Muridae,Rodentia,Mammalia
855,Microhydromys,Muridae,Rodentia,Mammalia
856,Pelomys,Muridae,Rodentia,Mammalia
857,Mylomys,Muridae,Rodentia,Mammalia
858,Pithecheirops,Muridae,Rodentia,Mammalia
859,Lemniscomys,Muridae,Rodentia,Mammalia
860,Arvicanthis,Muridae,Rodentia,Mammalia
861,Lenothrix,Muridae,Rodentia,Mammalia
862,Rhabdomys,Muridae,Rodentia,Mammalia
863,Lamottemys,Muridae,Rodentia,Mammalia
864,Dasymys,Muridae,Rodentia,Mammalia
865,Aethomys,Muridae,Rodentia,Mammalia
866,Dephomys,Muridae,Rodentia,Mammalia
867,Komodomys,Muridae,Rodentia,Mammalia
868,Madromys,Muridae,Rodentia,Mammalia
869,Grammomys,Muridae,Rodentia,Mammalia
870,Thallomys,Muridae,Rodentia,Mammalia
871,Golunda,Muridae,Rodentia,Mammalia
872,Pogonomelomys,Muridae,Rodentia,Mammalia
873,Millardia,Muridae,Rodentia,Mammalia
874,Anonymomys,Muridae,Rodentia,Mammalia
875,Eropeplus,Muridae,Rodentia,Mammalia
876,Cremnomys,Muridae,Rodentia,Mammalia
877,Mus,Muridae,Rodentia,Mammalia
878,Muriculus,Muridae,Rodentia,Mammalia
879,Malpaisomys,Muridae,Rodentia,Mammalia
880,Praomys,Muridae,Rodentia,Mammalia
881,Mastomys,Muridae,Rodentia,Mammalia
882,Myomyscus,Muridae,Rodentia,Mammalia
883,Colomys,Muridae,Rodentia,Mammalia
884,Zelotomys,Muridae,Rodentia,Mammalia
885,Stenocephalemys,Muridae,Rodentia,Mammalia
886,Heimyscus,Muridae,Rodentia,Mammalia
887,Hylomyscus,Muridae,Rodentia,Mammalia
888,Tokudaia,Muridae,Rodentia,Mammalia
889,Apodemus,Muridae,Rodentia,Mammalia
890,Malacomys,Muridae,Rodentia,Mammalia
891,Chiropodomys,Muridae,Rodentia,Mammalia
892,Chiruromys,Muridae,Rodentia,Mammalia
893,Lorentzimys,Muridae,Rodentia,Mammalia
894,Macruromys,Muridae,Rodentia,Mammalia
895,Papagomys,Muridae,Rodentia,Mammalia
896,Paulamys,Muridae,Rodentia,Mammalia
897,Coccymys,Muridae,Rodentia,Mammalia
898,Hyomys,Muridae,Rodentia,Mammalia
899,Tryphomys,Muridae,Rodentia,Mammalia
900,Pogonomys,Muridae,Rodentia,Mammalia
901,Anisomys,Muridae,Rodentia,Mammalia
902,Vandeleuria,Muridae,Rodentia,Mammalia
903,Thamnomys,Muridae,Rodentia,Mammalia
904,Hadromys,Muridae,Rodentia,Mammalia
905,Mallomys,Muridae,Rodentia,Mammalia
906,Abeomelomys,Muridae,Rodentia,Mammalia
907,Mammelomys,Muridae,Rodentia,Mammalia
908,Pseudohydromys,Muridae,Rodentia,Mammalia
909,Xeromys,Muridae,Rodentia,Mammalia
910,Leptomys,Muridae,Rodentia,Mammalia
911,Hydromys,Muridae,Rodentia,Mammalia
912,Parahydromys,Muridae,Rodentia,Mammalia
913,Crossomys,Muridae,Rodentia,Mammalia
914,Tateomys,Muridae,Rodentia,Mammalia
915,Zyzomys,Muridae,Rodentia,Mammalia
916,Pseudomys,Muridae,Rodentia,Mammalia
917,Mastacomys,Muridae,Rodentia,Mammalia
918,Notomys,Muridae,Rodentia,Mammalia
919,Leggadina,Muridae,Rodentia,Mammalia
920,Leporillus,Muridae,Rodentia,Mammalia
921,Conilurus,Muridae,Rodentia,Mammalia
922,Mesembriomys,Muridae,Rodentia,Mammalia
923,Paramelomys,Muridae,Rodentia,Mammalia
924,Melomys,Muridae,Rodentia,Mammalia
925,Solomys,Muridae,Rodentia,Mammalia
926,Uromys,Muridae,Rodentia,Mammalia
927,Pithecheir,Muridae,Rodentia,Mammalia
928,Abditomys,Muridae,Rodentia,Mammalia
929,Archboldomys,Muridae,Rodentia,Mammalia
930,Protochromys,Muridae,Rodentia,Mammalia
931,Hapalomys,Muridae,Rodentia,Mammalia
932,Rhynchomys,Muridae,Rodentia,Mammalia
933,Chrotomys,Muridae,Rodentia,Mammalia
934,Soricomys,Muridae,Rodentia,Mammalia
935,Apomys,Muridae,Rodentia,Mammalia
936,Prometheomys,Cricetidae,Rodentia,Mammalia
937,Dicrostonyx,Cricetidae,Rodentia,Mammalia
938,Phenacomys,Cricetidae,Rodentia,Mammalia
939,Arborimus,Cricetidae,Rodentia,Mammalia
940,Ondatra,Cricetidae,Rodentia,Mammalia
941,Neofiber,Cricetidae,Rodentia,Mammalia
942,Synaptomys,Cricetidae,Rodentia,Mammalia
943,Lemmus,Cricetidae,Rodentia,Mammalia
944,Myopus,Cricetidae,Rodentia,Mammalia
945,Chionomys,Cricetidae,Rodentia,Mammalia
946,Microtus,Cricetidae,Rodentia,Mammalia
947,Blanfordimys,Cricetidae,Rodentia,Mammalia
948,Lasiopodomys,Cricetidae,Rodentia,Mammalia
949,Neodon,Cricetidae,Rodentia,Mammalia
950,Volemys,Cricetidae,Rodentia,Mammalia
951,Proedromys,Cricetidae,Rodentia,Mammalia
952,Ellobius,Cricetidae,Rodentia,Mammalia
953,Dinaromys,Cricetidae,Rodentia,Mammalia
954,Arvicola,Cricetidae,Rodentia,Mammalia
955,Lemmiscus,Cricetidae,Rodentia,Mammalia
956,Eolagurus,Cricetidae,Rodentia,Mammalia
957,Lagurus,Cricetidae,Rodentia,Mammalia
958,Hyperacrius,Cricetidae,Rodentia,Mammalia
959,Myodes,Cricetidae,Rodentia,Mammalia
960,Alticola,Cricetidae,Rodentia,Mammalia
961,Eothenomys,Cricetidae,Rodentia,Mammalia
962,Caryomys,Cricetidae,Rodentia,Mammalia
963,Cansumys,Cricetidae,Rodentia,Mammalia
964,Phodopus,Cricetidae,Rodentia,Mammalia
965,Cricetulus,Cricetidae,Rodentia,Mammalia
966,Tscherskia,Cricetidae,Rodentia,Mammalia
967,Cricetus,Cricetidae,Rodentia,Mammalia
968,Allocricetulus,Cricetidae,Rodentia,Mammalia
969,Mesocricetus,Cricetidae,Rodentia,Mammalia
970,Neotoma,Cricetidae,Rodentia,Mammalia
971,Xenomys,Cricetidae,Rodentia,Mammalia
972,Hodomys,Cricetidae,Rodentia,Mammalia
973,Nelsonia,Cricetidae,Rodentia,Mammalia
974,Ochrotomys,Cricetidae,Rodentia,Mammalia
975,Reithrodontomys,Cricetidae,Rodentia,Mammalia
976,Isthmomys,Cricetidae,Rodentia,Mammalia
977,Onychomys,Cricetidae,Rodentia,Mammalia
978,Peromyscus,Cricetidae,Rodentia,Mammalia
979,Osgoodomys,Cricetidae,Rodentia,Mammalia
980,Habromys,Cricetidae,Rodentia,Mammalia
981,Neotomodon,Cricetidae,Rodentia,Mammalia
982,Podomys,Cricetidae,Rodentia,Mammalia
983,Megadontomys,Cricetidae,Rodentia,Mammalia
984,Scotinomys,Cricetidae,Rodentia,Mammalia
985,Baiomys,Cricetidae,Rodentia,Mammalia
986,Tylomys,Cricetidae,Rodentia,Mammalia
987,Ototylomys,Cricetidae,Rodentia,Mammalia
988,Otonyctomys,Cricetidae,Rodentia,Mammalia
989,Nyctomys,Cricetidae,Rodentia,Mammalia
990,Sigmodon,Cricetidae,Rodentia,Mammalia
991,Wilfredomys,Cricetidae,Rodentia,Mammalia
992,Abrawayaomys,Cricetidae,Rodentia,Mammalia
993,Neusticomys,Cricetidae,Rodentia,Mammalia
994,Phaenomys,Cricetidae,Rodentia,Mammalia
995,Chinchillula,Cricetidae,Rodentia,Mammalia
996,Chibchanomys,Cricetidae,Rodentia,Mammalia
997,Anotomys,Cricetidae,Rodentia,Mammalia
998,Rheomys,Cricetidae,Rodentia,Mammalia
999,Ichthyomys,Cricetidae,Rodentia,Mammalia
1000,Reithrodon,Cricetidae,Rodentia,Mammalia
1001,Oxymycterus,Cricetidae,Rodentia,Mammalia
1002,Juscelinomys,Cricetidae,Rodentia,Mammalia
1003,Thalpomys,Cricetidae,Rodentia,Mammalia
1004,Necromys,Cricetidae,Rodentia,Mammalia
1005,Podoxymys,Cricetidae,Rodentia,Mammalia
1006,Akodon,Cricetidae,Rodentia,Mammalia
1007,Deltamys,Cricetidae,Rodentia,Mammalia
1008,Thaptomys,Cricetidae,Rodentia,Mammalia
1009,Lenoxus,Cricetidae,Rodentia,Mammalia
1010,Blarinomys,Cricetidae,Rodentia,Mammalia
1011,Brucepattersonius,Cricetidae,Rodentia,Mammalia
1012,Bibimys,Cricetidae,Rodentia,Mammalia
1013,Scapteromys,Cricetidae,Rodentia,Mammalia
1014,Kunsia,Cricetidae,Rodentia,Mammalia
1015,Aepeomys,Cricetidae,Rodentia,Mammalia
1016,Thomasomys,Cricetidae,Rodentia,Mammalia
1017,Chilomys,Cricetidae,Rodentia,Mammalia
1018,Rhagomys,Cricetidae,Rodentia,Mammalia
1019,Rhipidomys,Cricetidae,Rodentia,Mammalia
1020,Andinomys,Cricetidae,Rodentia,Mammalia
1021,Punomys,Cricetidae,Rodentia,Mammalia
1022,Neotomys,Cricetidae,Rodentia,Mammalia
1023,Euneomys,Cricetidae,Rodentia,Mammalia
1024,Irenomys,Cricetidae,Rodentia,Mammalia
1025,Chelemys,Cricetidae,Rodentia,Mammalia
1026,Geoxus,Cricetidae,Rodentia,Mammalia
1027,Pearsonomys,Cricetidae,Rodentia,Mammalia
1028,Notiomys,Cricetidae,Rodentia,Mammalia
1029,Abrothrix,Cricetidae,Rodentia,Mammalia
1030,Wiedomys,Cricetidae,Rodentia,Mammalia
1031,Juliomys,Cricetidae,Rodentia,Mammalia
1032,Graomys,Cricetidae,Rodentia,Mammalia
1033,Eligmodontia,Cricetidae,Rodentia,Mammalia
1034,Salinomys,Cricetidae,Rodentia,Mammalia
1035,Andalgalomys,Cricetidae,Rodentia,Mammalia
1036,Loxodontomys,Cricetidae,Rodentia,Mammalia
1037,Auliscomys,Cricetidae,Rodentia,Mammalia
1038,Galenomys,Cricetidae,Rodentia,Mammalia
1039,Phyllotis,Cricetidae,Rodentia,Mammalia
1040,Paralomys,Cricetidae,Rodentia,Mammalia
1041,Tapecomys,Cricetidae,Rodentia,Mammalia
1042,Calomys,Cricetidae,Rodentia,Mammalia
1043,Calassomys,Cricetidae,Rodentia,Mammalia
1044,Delomys,Cricetidae,Rodentia,Mammalia
1045,Neacomys,Cricetidae,Rodentia,Mammalia
1046,Oreoryzomys,Cricetidae,Rodentia,Mammalia
1047,Microryzomys,Cricetidae,Rodentia,Mammalia
1048,Oligoryzomys,Cricetidae,Rodentia,Mammalia
1049,Microakodontomys,Cricetidae,Rodentia,Mammalia
1050,Megaoryzomys,Cricetidae,Rodentia,Mammalia
1051,Sigmodontomys,Cricetidae,Rodentia,Mammalia
1052,Melanomys,Cricetidae,Rodentia,Mammalia
1053,Aegialomys,Cricetidae,Rodentia,Mammalia
1054,Nesoryzomys,Cricetidae,Rodentia,Mammalia
1055,Oryzomys,Cricetidae,Rodentia,Mammalia
1056,Amphinectomys,Cricetidae,Rodentia,Mammalia
1057,Nectomys,Cricetidae,Rodentia,Mammalia
1058,Lundomys,Cricetidae,Rodentia,Mammalia
1059,Pseudoryzomys,Cricetidae,Rodentia,Mammalia
1060,Holochilus,Cricetidae,Rodentia,Mammalia
1061,Cerradomys,Cricetidae,Rodentia,Mammalia
1062,Sooretamys,Cricetidae,Rodentia,Mammalia
1063,Drymoreomys,Cricetidae,Rodentia,Mammalia
1064,Eremoryzomys,Cricetidae,Rodentia,Mammalia
1065,Pennatomys,Cricetidae,Rodentia,Mammalia
1066,Megalomys,Cricetidae,Rodentia,Mammalia
1067,Handleyomys,Cricetidae,Rodentia,Mammalia
1068,Hylaeamys,Cricetidae,Rodentia,Mammalia
1069,Mindomys,Cricetidae,Rodentia,Mammalia
1070,Nephelomys,Cricetidae,Rodentia,Mammalia
1071,Oecomys,Cricetidae,Rodentia,Mammalia
1072,Euryoryzomys,Cricetidae,Rodentia,Mammalia
1073,Transandinomys,Cricetidae,Rodentia,Mammalia
1074,Zygodontomys,Cricetidae,Rodentia,Mammalia
1075,Noronhomys,Cricetidae,Rodentia,Mammalia
1076,Scolomys,Cricetidae,Rodentia,Mammalia
1077,Cricetomys,Nesomyidae,Rodentia,Mammalia
1078,Beamys,Nesomyidae,Rodentia,Mammalia
1079,Steatomys,Nesomyidae,Rodentia,Mammalia
1080,Dendromus,Nesomyidae,Rodentia,Mammalia
1081,Malacothrix,Nesomyidae,Rodentia,Mammalia
1082,Saccostomus,Nesomyidae,Rodentia,Mammalia
1083,Delanymys,Nesomyidae,Rodentia,Mammalia
1084,Mystromys,Nesomyidae,Rodentia,Mammalia
1085,Petromyscus,Nesomyidae,Rodentia,Mammalia
1086,Brachytarsomys,Nesomyidae,Rodentia,Mammalia
1087,Prionomys,Nesomyidae,Rodentia,Mammalia
1088,Dendroprionomys,Nesomyidae,Rodentia,Mammalia
1089,Megadendromus,Nesomyidae,Rodentia,Mammalia
1090,Eliurus,Nesomyidae,Rodentia,Mammalia
1091,Voalavo,Nesomyidae,Rodentia,Mammalia
1092,Gymnuromys,Nesomyidae,Rodentia,Mammalia
1093,Macrotarsomys,Nesomyidae,Rodentia,Mammalia
1094,Monticolomys,Nesomyidae,Rodentia,Mammalia
1095,Brachyuromys,Nesomyidae,Rodentia,Mammalia
1096,Nesomys,Nesomyidae,Rodentia,Mammalia
1097,Hypogeomys,Nesomyidae,Rodentia,Mammalia
1098,Calomyscus,Calomyscidae,Rodentia,Mammalia
1099,Typhlomys,Platacanthomyidae,Rodentia,Mammalia
1100,Platacanthomys,Platacanthomyidae,Rodentia,Mammalia
1101,Sicista,Dipodidae,Rodentia,Mammalia
1102,Cardiocranius,Dipodidae,Rodentia,Mammalia
1103,Salpingotus,Dipodidae,Rodentia,Mammalia
1104,Euchoreutes,Dipodidae,Rodentia,Mammalia
1105,Dipus,Dipodidae,Rodentia,Mammalia
1106,Eremodipus,Dipodidae,Rodentia,Mammalia
1107,Jaculus,Dipodidae,Rodentia,Mammalia
1108,Stylodipus,Dipodidae,Rodentia,Mammalia
1109,Paradipus,Dipodidae,Rodentia,Mammalia
1110,Allactaga,Dipodidae,Rodentia,Mammalia
1111,Pygeretmus,Dipodidae,Rodentia,Mammalia
1112,Allactodipus,Dipodidae,Rodentia,Mammalia
1113,Eozapus,Dipodidae,Rodentia,Mammalia
1114,Zapus,Dipodidae,Rodentia,Mammalia
1115,Napaeozapus,Dipodidae,Rodentia,Mammalia
1116,Salpingotulus,Dipodidae,Rodentia,Mammalia
1117,Microdipodops,Heteromyidae,Rodentia,Mammalia
1118,Dipodomys,Heteromyidae,Rodentia,Mammalia
1119,Thomomys,Geomyidae,Rodentia,Mammalia
1120,Geomys,Geomyidae,Rodentia,Mammalia
1121,Zygogeomys,Geomyidae,Rodentia,Mammalia
1122,Orthogeomys,Geomyidae,Rodentia,Mammalia
1123,Pappogeomys,Geomyidae,Rodentia,Mammalia
1124,Cratogeomys,Geomyidae,Rodentia,Mammalia
1125,Liomys,Heteromyidae,Rodentia,Mammalia
1126,Heteromys,Heteromyidae,Rodentia,Mammalia
1127,Perognathus,Heteromyidae,Rodentia,Mammalia
1128,Chaetodipus,Heteromyidae,Rodentia,Mammalia
1129,Castor,Castoridae,Rodentia,Mammalia
1130,Ochotona,Ochotonidae,Lagomorpha,Mammalia
1131,Pronolagus,Leporidae,Lagomorpha,Mammalia
1132,Nesolagus,Leporidae,Lagomorpha,Mammalia
1133,Poelagus,Leporidae,Lagomorpha,Mammalia
1134,Prolagus,Prolagidae,Lagomorpha,Mammalia
1135,Lepus,Leporidae,Lagomorpha,Mammalia
1136,Brachylagus,Leporidae,Lagomorpha,Mammalia
1137,Sylvilagus,Leporidae,Lagomorpha,Mammalia
1138,Bunolagus,Leporidae,Lagomorpha,Mammalia
1139,Pentalagus,Leporidae,Lagomorpha,Mammalia
1140,Oryctolagus,Leporidae,Lagomorpha,Mammalia
1141,Caprolagus,Leporidae,Lagomorpha,Mammalia
1142,Romerolagus,Leporidae,Lagomorpha,Mammalia
1143,Dasypus,Dasypodidae,Cingulata,Mammalia
1144,Zaedyus,Chlamyphoridae,Cingulata,Mammalia
1145,Euphractus,Chlamyphoridae,Cingulata,Mammalia
1146,Chaetophractus,Chlamyphoridae,Cingulata,Mammalia
1147,Chlamyphorus,Chlamyphoridae,Cingulata,Mammalia
1148,Calyptophractus,Chlamyphoridae,Cingulata,Mammalia
1149,Tolypeutes,Chlamyphoridae,Cingulata,Mammalia
1150,Priodontes,Chlamyphoridae,Cingulata,Mammalia
1151,Cabassous,Chlamyphoridae,Cingulata,Mammalia
1152,Tamandua,Myrmecophagidae,Pilosa,Mammalia
1153,Myrmecophaga,Myrmecophagidae,Pilosa,Mammalia
1154,Cyclopes,Cyclopedidae,Pilosa,Mammalia
1155,Mylodon,Mylodontidae,Pilosa,Mammalia
1156,Choloepus,Megalonychidae,Pilosa,Mammalia
1157,Nothrotheriops,Megatheriidae,Pilosa,Mammalia
1158,Bradypus,Bradypodidae,Pilosa,Mammalia
1159,Hydrodamalis,Dugongidae,Sirenia,Mammalia
1160,Trichechus,Trichechidae,Sirenia,Mammalia
1161,Dugong,Dugongidae,Sirenia,Mammalia
1162,Mammut,Mammutidae,Proboscidea,Mammalia
1163,Loxodonta,Elephantidae,Proboscidea,Mammalia
1164,Mammuthus,Elephantidae,Proboscidea,Mammalia
1165,Elephas,Elephantidae,Proboscidea,Mammalia
1166,Procavia,Procaviidae,Hyracoidea,Mammalia
1167,Heterohyrax,Procaviidae,Hyracoidea,Mammalia
1168,Dendrohyrax,Procaviidae,Hyracoidea,Mammalia
1169,Orycteropus,Orycteropodidae,Tubulidentata,Mammalia
1170,Rhynchocyon,Macroscelididae,Macroscelidea,Mammalia
1171,Macroscelides,Macroscelididae,Macroscelidea,Mammalia
1172,Elephantulus,Macroscelididae,Macroscelidea,Mammalia
1173,Petrodromus,Macroscelididae,Macroscelidea,Mammalia
1174,Potamogale,Tenrecidae,Afrosoricida,Mammalia
1175,Micropotamogale,Tenrecidae,Afrosoricida,Mammalia
1176,Limnogale,Tenrecidae,Afrosoricida,Mammalia
1177,Microgale,Tenrecidae,Afrosoricida,Mammalia
1178,Oryzorictes,Tenrecidae,Afrosoricida,Mammalia
1179,Geogale,Tenrecidae,Afrosoricida,Mammalia
1180,Tenrec,Tenrecidae,Afrosoricida,Mammalia
1181,Hemicentetes,Tenrecidae,Afrosoricida,Mammalia
1182,Setifer,Tenrecidae,Afrosoricida,Mammalia
1183,Echinops,Tenrecidae,Afrosoricida,Mammalia
1184,Eremitalpa,Chrysochloridae,Afrosoricida,Mammalia
1185,Huetia,Chrysochloridae,Afrosoricida,Mammalia
1186,Chrysochloris,Chrysochloridae,Afrosoricida,Mammalia
1187,Cryptochloris,Chrysochloridae,Afrosoricida,Mammalia
1188,Amblysomus,Chrysochloridae,Afrosoricida,Mammalia
1189,Carpitalpa,Chrysochloridae,Afrosoricida,Mammalia
1190,Neamblysomus,Chrysochloridae,Afrosoricida,Mammalia
1191,Chlorotalpa,Chrysochloridae,Afrosoricida,Mammalia
1192,Chrysospalax,Chrysochloridae,Afrosoricida,Mammalia
1193,Calcochloris,Chrysochloridae,Afrosoricida,Mammalia
1194,Rhyncholestes,Caenolestidae,Paucituberculata,Mammalia
1195,Lestoros,Caenolestidae,Paucituberculata,Mammalia
1196,Caenolestes,Caenolestidae,Paucituberculata,Mammalia
1197,Glironia,Didelphidae,Didelphimorphia,Mammalia
1198,Chacodelphys,Didelphidae,Didelphimorphia,Mammalia
1199,Monodelphis,Didelphidae,Didelphimorphia,Mammalia
1200,Marmosa,Didelphidae,Didelphimorphia,Mammalia
1201,Tlacuatzin,Didelphidae,Didelphimorphia,Mammalia
1202,Cryptonanus,Didelphidae,Didelphimorphia,Mammalia
1203,Gracilinanus,Didelphidae,Didelphimorphia,Mammalia
1204,Lestodelphys,Didelphidae,Didelphimorphia,Mammalia
1205,Thylamys,Didelphidae,Didelphimorphia,Mammalia
1206,Marmosops,Didelphidae,Didelphimorphia,Mammalia
1207,Metachirus,Didelphidae,Didelphimorphia,Mammalia
1208,Lutreolina,Didelphidae,Didelphimorphia,Mammalia
1209,Philander,Didelphidae,Didelphimorphia,Mammalia
1210,Didelphis,Didelphidae,Didelphimorphia,Mammalia
1211,Chironectes,Didelphidae,Didelphimorphia,Mammalia
1212,Hyladelphys,Didelphidae,Didelphimorphia,Mammalia
1213,Caluromysiops,Didelphidae,Didelphimorphia,Mammalia
1214,Caluromys,Didelphidae,Didelphimorphia,Mammalia
1215,Dromiciops,Microbiotheriidae,Microbiotheria,Mammalia
1216,Notoryctes,Notoryctidae,Notoryctemorphia,Mammalia
1217,Macrotis,Thylacomyidae,Peramelemorphia,Mammalia
1218,Rhynchomeles,Peroryctidae,Peramelemorphia,Mammalia
1219,Isoodon,Peramelidae,Peramelemorphia,Mammalia
1220,Perameles,Peramelidae,Peramelemorphia,Mammalia
1221,Microperoryctes,Peroryctidae,Peramelemorphia,Mammalia
1222,Echymipera,Peroryctidae,Peramelemorphia,Mammalia
1223,Peroryctes,Peroryctidae,Peramelemorphia,Mammalia
1224,Thylacinus,Thylacinidae,Dasyuromorphia,Mammalia
1225,Myrmecobius,Myrmecobiidae,Dasyuromorphia,Mammalia
1226,Sminthopsis,Dasyuridae,Dasyuromorphia,Mammalia
1227,Antechinomys,Dasyuridae,Dasyuromorphia,Mammalia
1228,Chaeropus,Chaeropodidae,Peramelemorphia,Mammalia
1229,Ningaui,Dasyuridae,Dasyuromorphia,Mammalia
1230,Planigale,Dasyuridae,Dasyuromorphia,Mammalia
1231,Pseudantechinus,Dasyuridae,Dasyuromorphia,Mammalia
1232,Phascolosorex,Dasyuridae,Dasyuromorphia,Mammalia
1233,Neophascogale,Dasyuridae,Dasyuromorphia,Mammalia
1234,Dasyurus,Dasyuridae,Dasyuromorphia,Mammalia
1235,Sarcophilus,Dasyuridae,Dasyuromorphia,Mammalia
1236,Parantechinus,Dasyuridae,Dasyuromorphia,Mammalia
1237,Myoictis,Dasyuridae,Dasyuromorphia,Mammalia
1238,Dasyuroides,Dasyuridae,Dasyuromorphia,Mammalia
1239,Dasykaluta,Dasyuridae,Dasyuromorphia,Mammalia
1240,Dasycercus,Dasyuridae,Dasyuromorphia,Mammalia
1241,Phascogale,Dasyuridae,Dasyuromorphia,Mammalia
1242,Murexia,Dasyuridae,Dasyuromorphia,Mammalia
1243,Antechinus,Dasyuridae,Dasyuromorphia,Mammalia
1244,Phascolarctos,Phascolarctidae,Diprotodontia,Mammalia
1245,Vombatus,Vombatidae,Diprotodontia,Mammalia
1246,Lasiorhinus,Vombatidae,Diprotodontia,Mammalia
1247,Cercartetus,Burramyidae,Diprotodontia,Mammalia
1248,Burramys,Burramyidae,Diprotodontia,Mammalia
1249,Wyulda,Phalangeridae,Diprotodontia,Mammalia
1250,Trichosurus,Phalangeridae,Diprotodontia,Mammalia
1251,Spilocuscus,Phalangeridae,Diprotodontia,Mammalia
1252,Strigocuscus,Phalangeridae,Diprotodontia,Mammalia
1253,Phalanger,Phalangeridae,Diprotodontia,Mammalia
1254,Ailurops,Phalangeridae,Diprotodontia,Mammalia
1255,Hypsiprymnodon,Hypsiprymnodontidae,Diprotodontia,Mammalia
1256,Lagostrophus,Macropodidae,Diprotodontia,Mammalia
1257,Dendrolagus,Macropodidae,Diprotodontia,Mammalia
1258,Onychogalea,Macropodidae,Diprotodontia,Mammalia
1259,Dorcopsulus,Macropodidae,Diprotodontia,Mammalia
1260,Dorcopsis,Macropodidae,Diprotodontia,Mammalia
1261,Thylogale,Macropodidae,Diprotodontia,Mammalia
1262,Petrogale,Macropodidae,Diprotodontia,Mammalia
1263,Macropus,Macropodidae,Diprotodontia,Mammalia
1264,Wallabia,Macropodidae,Diprotodontia,Mammalia
1265,Lagorchestes,Macropodidae,Diprotodontia,Mammalia
1266,Setonix,Macropodidae,Diprotodontia,Mammalia
1267,Aepyprymnus,Potoroidae,Diprotodontia,Mammalia
1268,Caloprymnus,Potoroidae,Diprotodontia,Mammalia
1269,Bettongia,Potoroidae,Diprotodontia,Mammalia
1270,Potorous,Potoroidae,Diprotodontia,Mammalia
1271,Tarsipes,Tarsipedidae,Diprotodontia,Mammalia
1272,Pseudochirops,Pseudocheiridae,Diprotodontia,Mammalia
1273,Petropseudes,Pseudocheiridae,Diprotodontia,Mammalia
1274,Pseudochirulus,Pseudocheiridae,Diprotodontia,Mammalia
1275,Pseudocheirus,Pseudocheiridae,Diprotodontia,Mammalia
1276,Petauroides,Pseudocheiridae,Diprotodontia,Mammalia
1277,Hemibelideus,Pseudocheiridae,Diprotodontia,Mammalia
1278,Petaurus,Petauridae,Diprotodontia,Mammalia
1279,Gymnobelideus,Petauridae,Diprotodontia,Mammalia
1280,Dactylopsila,Petauridae,Diprotodontia,Mammalia
1281,Dactylonax,Petauridae,Diprotodontia,Mammalia
1282,Distoechurus,Acrobatidae,Diprotodontia,Mammalia
1283,Acrobates,Acrobatidae,Diprotodontia,Mammalia